#
# There is insufficient memory for the Java Runtime Environment to continue.
# Native memory allocation (malloc) failed to allocate 1430416 bytes. Error detail: Chunk::new
# Possible reasons:
#   The system is out of physical RAM or swap space
#   This process is running with CompressedOops enabled, and the Java Heap may be blocking the growth of the native heap
# Possible solutions:
#   Reduce memory load on the system
#   Increase physical memory or swap space
#   Check if swap backing store is full
#   Decrease Java heap size (-Xmx/-Xms)
#   Decrease number of Java threads
#   Decrease Java thread stack sizes (-Xss)
#   Set larger code cache with -XX:ReservedCodeCacheSize=
#   JVM is running with Zero Based Compressed Oops mode in which the Java heap is
#     placed in the first 32GB address space. The Java Heap base address is the
#     maximum limit for the native heap growth. Please use -XX:HeapBaseMinAddress
#     to set the Java Heap base and to place the Java Heap above 32GB virtual address.
# This output file may be truncated or incomplete.
#
#  Out of Memory Error (arena.cpp:168), pid=72784, tid=47672
#
# JRE version: OpenJDK Runtime Environment (21.0.10) (build 21.0.10+-14961533-b1163.108)
# Java VM: OpenJDK 64-Bit Server VM (21.0.10+-14961533-b1163.108, mixed mode, tiered, compressed oops, compressed class ptrs, g1 gc, windows-amd64)
# No core dump will be written. Minidumps are not enabled by default on client versions of Windows
#

---------------  S U M M A R Y ------------

Command Line: --add-opens=java.base/java.lang=ALL-UNNAMED --add-opens=java.base/java.lang.invoke=ALL-UNNAMED --add-opens=java.base/java.util=ALL-UNNAMED --add-opens=java.prefs/java.util.prefs=ALL-UNNAMED --add-exports=jdk.compiler/com.sun.tools.javac.api=ALL-UNNAMED --add-exports=jdk.compiler/com.sun.tools.javac.util=ALL-UNNAMED --add-opens=java.base/java.util=ALL-UNNAMED --add-opens=java.prefs/java.util.prefs=ALL-UNNAMED --add-opens=java.base/java.nio.charset=ALL-UNNAMED --add-opens=java.base/java.net=ALL-UNNAMED --add-opens=java.base/java.util.concurrent.atomic=ALL-UNNAMED --add-opens=java.xml/javax.xml.namespace=ALL-UNNAMED -XX:+HeapDumpOnOutOfMemoryError -Xmx8g -Dfile.encoding=UTF-8 -Duser.country=US -Duser.language=en -Duser.variant -javaagent:C:\Users\p.kazemiyeh\.gradle\wrapper\dists\gradle-8.14.3-all\10utluxaxniiv4wxiphsi49nj\gradle-8.14.3\lib\agents\gradle-instrumentation-agent-8.14.3.jar org.gradle.launcher.daemon.bootstrap.GradleDaemon 8.14.3

Host: 12th Gen Intel(R) Core(TM) i7-12700, 20 cores, 31G,  Windows 11 , 64 bit Build 26100 (10.0.26100.8521)
Time: Mon Jul 13 16:20:30 2026 Iran Standard Time elapsed time: 96.624604 seconds (0d 0h 1m 36s)

---------------  T H R E A D  ---------------

Current thread (0x00000271b2693ad0):  JavaThread "C2 CompilerThread3" daemon [_thread_in_native, id=47672, stack(0x000000fe5ef00000,0x000000fe5f000000) (1024K)]


Current CompileTask:
C2:96624 34852   !   4       org.jetbrains.kotlin.metadata.ProtoBuf$Type::<init> (976 bytes)

Stack: [0x000000fe5ef00000,0x000000fe5f000000]
Native frames: (J=compiled Java code, j=interpreted, Vv=VM code, C=native code)
V  [jvm.dll+0x6d78a9]
V  [jvm.dll+0x8665b3]
V  [jvm.dll+0x868bde]
V  [jvm.dll+0x8692c3]
V  [jvm.dll+0x280ee6]
V  [jvm.dll+0xc07cd]
V  [jvm.dll+0xc0d03]
V  [jvm.dll+0x3ba091]
V  [jvm.dll+0x385df7]
V  [jvm.dll+0x38526a]
V  [jvm.dll+0x249bd2]
V  [jvm.dll+0x2491a1]
V  [jvm.dll+0x1c76e4]
V  [jvm.dll+0x25891e]
V  [jvm.dll+0x256e66]
V  [jvm.dll+0x3f513e]
V  [jvm.dll+0x80fd28]
V  [jvm.dll+0x6d60fd]
C  [ucrtbase.dll+0x2cd30]
C  [KERNEL32.DLL+0x2e957]
C  [ntdll.dll+0x87c1c]


---------------  P R O C E S S  ---------------

Threads class SMR info:
_java_thread_list=0x00000271b4493c50, length=325, elements={
0x00000271f8a6d960, 0x00000271ffa873f0, 0x00000271ffa97640, 0x00000271ffa98920,
0x00000271ffacf8e0, 0x00000271ffa8a250, 0x00000271ffa8acb0, 0x00000271ffa8b710,
0x00000271ffa8cb10, 0x00000271ffad1f60, 0x000002719d07ecf0, 0x000002719f4c26e0,
0x000002719f4f7e20, 0x000002719dd1ba80, 0x000002719f4aab80, 0x000002719ee13ce0,
0x000002719f73c760, 0x000002719f73ad20, 0x000002719f73ba40, 0x000002719f73b3b0,
0x000002719f73a690, 0x000002719f73d480, 0x000002719f73c0d0, 0x000002719f73cdf0,
0x00000271a18a7650, 0x00000271a18a7ce0, 0x00000271a18a8370, 0x00000271a18a9090,
0x00000271a18a9db0, 0x00000271a18a9720, 0x00000271a18ad8c0, 0x00000271a18aaad0,
0x00000271a18ad230, 0x00000271a18aa440, 0x00000271a18ab7f0, 0x00000271a18ae5e0,
0x00000271a18ab160, 0x00000271a18abe80, 0x00000271a18acba0, 0x00000271a18aec70,
0x00000271a4892850, 0x00000271a4895640, 0x00000271a4894920, 0x00000271a4894fb0,
0x00000271a4895cd0, 0x00000271a4896360, 0x00000271a48969f0, 0x00000271a4893570,
0x00000271a4897080, 0x00000271a4894290, 0x00000271a4893c00, 0x00000271a4898ac0,
0x00000271a4899150, 0x00000271a4897da0, 0x00000271a4898430, 0x00000271a48997e0,
0x00000271a4899e70, 0x00000271a4897710, 0x00000271a48a3d50, 0x00000271a48a29a0,
0x00000271a48a3030, 0x00000271a48a36c0, 0x00000271a48a43e0, 0x00000271a48a0f60,
0x00000271a48a2310, 0x00000271a48a4a70, 0x00000271a48a15f0, 0x00000271a48a5100,
0x00000271a48a1c80, 0x00000271a48a8580, 0x00000271a48a7860, 0x00000271a48a6b40,
0x00000271a48a7ef0, 0x00000271a48a71d0, 0x00000271a425e770, 0x00000271a4260ed0,
0x00000271a4262910, 0x00000271a4262fa0, 0x00000271a425fb20, 0x00000271a4263630,
0x00000271a42601b0, 0x00000271a42649e0, 0x00000271a4263cc0, 0x00000271a4264350,
0x00000271a4265070, 0x00000271a4265700, 0x00000271a0265bc0, 0x00000271a0263af0,
0x00000271a0264810, 0x00000271a0265530, 0x00000271a0266250, 0x00000271a0264180,
0x00000271a0264ea0, 0x00000271a02668e0, 0x00000271a0266f70, 0x00000271a0cc48a0,
0x00000271a0cc2140, 0x00000271a0cc27d0, 0x00000271a0cc2e60, 0x00000271a0cc1ab0,
0x00000271a0cc55c0, 0x00000271a0cc5c50, 0x00000271a0cc6970, 0x00000271a0cc3b80,
0x00000271a0cc62e0, 0x00000271a0cc4210, 0x00000271a0cc34f0, 0x00000271a0cc7d20,
0x00000271a0cc83b0, 0x00000271a0cc8a40, 0x00000271a0cc90d0, 0x00000271a0cc7000,
0x00000271a0cc7690, 0x000002719d2a4080, 0x000002719d2a6150, 0x000002719d2a6e70,
0x000002719d2a5430, 0x000002719d2a7500, 0x000002719d2a5ac0, 0x000002719d2a7b90,
0x000002719d2a67e0, 0x000002719d2a4710, 0x000002719d2a4da0, 0x000002719d2ab6a0,
0x000002719d2a8f40, 0x000002719d2a88b0, 0x000002719d2a95d0, 0x000002719d2aa980,
0x000002719d2ab010, 0x000002719d2a9c60, 0x000002719d2aa2f0, 0x000002719d2a8220,
0x00000271a005c4f0, 0x00000271a005ec50, 0x00000271a005f970, 0x00000271a005d210,
0x00000271a005f2e0, 0x00000271a0060000, 0x00000271a005cb80, 0x00000271a0060d20,
0x00000271a0060690, 0x00000271a005df30, 0x00000271a0061a40, 0x00000271a00620d0,
0x00000271a0063b10, 0x000002719ee3e440, 0x00000271a1238aa0, 0x00000271a123c5b0,
0x00000271a123ab70, 0x00000271a1239130, 0x00000271a123cc40, 0x00000271a12397c0,
0x00000271a12400c0, 0x00000271a123d960, 0x00000271a123dff0, 0x00000271a123d2d0,
0x00000271a1240de0, 0x00000271a1241470, 0x00000271a123f3a0, 0x00000271a1241b00,
0x00000271a123e680, 0x00000271a123ed10, 0x00000271a1242820, 0x00000271a4262280,
0x00000271ac27ed20, 0x00000271ac27e690, 0x00000271ac27f3b0, 0x00000271ac27fa40,
0x00000271ac280760, 0x00000271ac2800d0, 0x00000271ac280df0, 0x00000271ac27d970,
0x00000271ac281480, 0x00000271ac27e000, 0x00000271ac284270, 0x00000271ac283be0,
0x00000271ac281b10, 0x00000271ac284900, 0x00000271ac284f90, 0x00000271ac285620,
0x00000271ac2821a0, 0x00000271ac285cb0, 0x00000271ac282830, 0x00000271ac286340,
0x00000271ac282ec0, 0x00000271ac2869d0, 0x00000271ac283550, 0x00000271ac2897c0,
0x00000271ac288410, 0x00000271ac391430, 0x00000271ac392e70, 0x00000271ac3927e0,
0x00000271ac393500, 0x00000271ac390080, 0x00000271ac3955d0, 0x00000271ac394f40,
0x00000271ac3962f0, 0x00000271ac397010, 0x00000271ac395c60, 0x00000271ac3948b0,
0x00000271ac393b90, 0x00000271ac3990e0, 0x00000271ac3976a0, 0x00000271ac397d30,
0x00000271ac399770, 0x00000271ac3983c0, 0x00000271ac399e00, 0x00000271ac398a50,
0x00000271ac396980, 0x00000271ac39ab20, 0x00000271ac39bed0, 0x00000271aa3f1670,
0x00000271aa3f0fe0, 0x00000271aa3f5180, 0x00000271aa3f3dd0, 0x00000271aa3f4af0,
0x00000271aa3f3740, 0x00000271aa3f5810, 0x00000271aa3f30b0, 0x00000271aa3f2390,
0x00000271aa3f5ea0, 0x00000271aa3f2a20, 0x00000271aa3f8c90, 0x00000271aa3f7250,
0x00000271aa3f99b0, 0x00000271aa3f6530, 0x00000271aa3f78e0, 0x00000271aa3fa040,
0x00000271aa3f6bc0, 0x00000271aa3fa6d0, 0x00000271aa3fad60, 0x00000271aa3fb3f0,
0x00000271aa3f7f70, 0x00000271aa3fba80, 0x00000271aa3f8600, 0x00000271aa3fc110,
0x00000271aa3fe1e0, 0x00000271aa3ff590, 0x00000271aa3fd4c0, 0x00000271aa3fdb50,
0x00000271aa3fe870, 0x00000271aa3fef00, 0x00000271aa3ffc20, 0x00000271aa3fc7a0,
0x00000271aa4002b0, 0x00000271aa3fce30, 0x00000271ac39b840, 0x00000271ac39a490,
0x00000271ac39d280, 0x00000271aaec2190, 0x00000271aaec2820, 0x00000271aaec2eb0,
0x00000271aaec3540, 0x00000271aaec3bd0, 0x00000271aaec0750, 0x00000271aaec4260,
0x00000271aaec1b00, 0x00000271aaec0de0, 0x00000271aaec48f0, 0x00000271aaec1470,
0x00000271aaec69c0, 0x00000271aaec7d70, 0x00000271aaec5610, 0x00000271aaec8400,
0x00000271aaec4f80, 0x00000271aaec7050, 0x00000271aaec5ca0, 0x00000271aaec97b0,
0x00000271aaecd2c0, 0x00000271aaecb880, 0x00000271aaecb1f0, 0x00000271aaebe680,
0x00000271aaebb890, 0x00000271aaebd960, 0x00000271aaed4250, 0x00000271aaed0dd0,
0x00000271aaed5600, 0x00000271aaecab60, 0x00000271aaed1460, 0x00000271aaed00b0,
0x00000271aaec6330, 0x00000271aaed7040, 0x00000271aaed9110, 0x00000271aaed8a80,
0x00000271aaed5c90, 0x00000271b1fd00d0, 0x00000271b1fd3be0, 0x00000271b1fd4270,
0x00000271b1fd1480, 0x00000271b1fd5620, 0x00000271b1fd8410, 0x00000271b1fd4f90,
0x00000271b1fd69d0, 0x00000271b1fd7d80, 0x00000271b1fd8aa0, 0x00000271b1fd9e50,
0x00000271b1fda4e0, 0x00000271b1fdab70, 0x00000271b1fd76f0, 0x00000271b1fdcc40,
0x00000271b1fdbf20, 0x00000271b1fdc5b0, 0x00000271b1fdb890, 0x00000271b1fdd2d0,
0x00000271b1fde680, 0x00000271b1fe1470, 0x00000271b1fe0750, 0x00000271b1fe1b00,
0x00000271b1fe2190, 0x00000271b1fdf3a0, 0x00000271b1fded10, 0x00000271b1fe2820,
0x00000271b1fe2eb0, 0x00000271b1fdfa30, 0x00000271b1fe3540, 0x00000271b1fd0df0,
0x00000271b1fd4900, 0x00000271ac3a3de0, 0x00000271ac3a1500, 0x00000271b2693ad0,
0x00000271b2693400, 0x00000271ffd4db40, 0x000002719ecd3190, 0x000002719ecd3860,
0x000002719ecd23f0
}

Java Threads: ( => current thread )
  0x00000271f8a6d960 JavaThread "main"                              [_thread_blocked, id=40108, stack(0x000000fe4b700000,0x000000fe4b800000) (1024K)]
  0x00000271ffa873f0 JavaThread "Common-Cleaner"             daemon [_thread_blocked, id=65976, stack(0x000000fe4bf00000,0x000000fe4c000000) (1024K)]
  0x00000271ffa97640 JavaThread "Reference Handler"          daemon [_thread_blocked, id=67424, stack(0x000000fe4c000000,0x000000fe4c100000) (1024K)]
  0x00000271ffa98920 JavaThread "Finalizer"                  daemon [_thread_blocked, id=19512, stack(0x000000fe4c100000,0x000000fe4c200000) (1024K)]
  0x00000271ffacf8e0 JavaThread "Signal Dispatcher"          daemon [_thread_blocked, id=70064, stack(0x000000fe4c200000,0x000000fe4c300000) (1024K)]
  0x00000271ffa8a250 JavaThread "Attach Listener"            daemon [_thread_blocked, id=45552, stack(0x000000fe4c300000,0x000000fe4c400000) (1024K)]
  0x00000271ffa8acb0 JavaThread "Service Thread"             daemon [_thread_blocked, id=58280, stack(0x000000fe4c400000,0x000000fe4c500000) (1024K)]
  0x00000271ffa8b710 JavaThread "Monitor Deflation Thread"   daemon [_thread_blocked, id=49884, stack(0x000000fe4c500000,0x000000fe4c600000) (1024K)]
  0x00000271ffa8cb10 JavaThread "C2 CompilerThread0"         daemon [_thread_in_native, id=10756, stack(0x000000fe4c600000,0x000000fe4c700000) (1024K)]
  0x00000271ffad1f60 JavaThread "C1 CompilerThread0"         daemon [_thread_blocked, id=12276, stack(0x000000fe4c700000,0x000000fe4c800000) (1024K)]
  0x000002719d07ecf0 JavaThread "Notification Thread"        daemon [_thread_blocked, id=63792, stack(0x000000fe4ca00000,0x000000fe4cb00000) (1024K)]
  0x000002719f4c26e0 JavaThread "Daemon health stats"               [_thread_blocked, id=45776, stack(0x000000fe4cc00000,0x000000fe4cd00000) (1024K)]
  0x000002719f4f7e20 JavaThread "Incoming local TCP Connector on port 49448"        [_thread_in_native, id=85620, stack(0x000000fe4da00000,0x000000fe4db00000) (1024K)]
  0x000002719dd1ba80 JavaThread "Daemon periodic checks"            [_thread_blocked, id=74196, stack(0x000000fe4db00000,0x000000fe4dc00000) (1024K)]
  0x000002719f4aab80 JavaThread "Daemon"                            [_thread_blocked, id=47884, stack(0x000000fe4dc00000,0x000000fe4dd00000) (1024K)]
  0x000002719ee13ce0 JavaThread "Handler for socket connection from /127.0.0.1:49448 to /127.0.0.1:49449"        [_thread_in_native, id=76340, stack(0x000000fe4dd00000,0x000000fe4de00000) (1024K)]
  0x000002719f73c760 JavaThread "Cancel handler"                    [_thread_blocked, id=79820, stack(0x000000fe4de00000,0x000000fe4df00000) (1024K)]
  0x000002719f73ad20 JavaThread "Daemon worker"                     [_thread_blocked, id=19880, stack(0x000000fe4df00000,0x000000fe4e000000) (1024K)]
  0x000002719f73ba40 JavaThread "Asynchronous log dispatcher for DefaultDaemonConnection: socket connection from /127.0.0.1:49448 to /127.0.0.1:49449"        [_thread_blocked, id=61648, stack(0x000000fe4e000000,0x000000fe4e100000) (1024K)]
  0x000002719f73b3b0 JavaThread "Stdin handler"                     [_thread_blocked, id=71900, stack(0x000000fe4e100000,0x000000fe4e200000) (1024K)]
  0x000002719f73a690 JavaThread "Daemon client event forwarder"        [_thread_blocked, id=78940, stack(0x000000fe4e200000,0x000000fe4e300000) (1024K)]
  0x000002719f73d480 JavaThread "Cache worker for journal cache (C:\Users\p.kazemiyeh\.gradle\caches\journal-1)"        [_thread_blocked, id=78072, stack(0x000000fe4e900000,0x000000fe4ea00000) (1024K)]
  0x000002719f73c0d0 JavaThread "File lock request listener"        [_thread_in_native, id=81316, stack(0x000000fe4ea00000,0x000000fe4eb00000) (1024K)]
  0x000002719f73cdf0 JavaThread "Cache worker for file hash cache (C:\Users\p.kazemiyeh\.gradle\caches\8.14.3\fileHashes)"        [_thread_blocked, id=73596, stack(0x000000fe4eb00000,0x000000fe4ec00000) (1024K)]
  0x00000271a18a7650 JavaThread "Cache worker for file hash cache (D:\Android\AndroidStudioProjects\kmp-shop\.gradle\8.14.3\fileHashes)"        [_thread_blocked, id=13144, stack(0x000000fe4ed00000,0x000000fe4ee00000) (1024K)]
  0x00000271a18a7ce0 JavaThread "Cache worker for Build Output Cleanup Cache (D:\Android\AndroidStudioProjects\kmp-shop\.gradle\buildOutputCleanup)"        [_thread_blocked, id=74592, stack(0x000000fe4ee00000,0x000000fe4ef00000) (1024K)]
  0x00000271a18a8370 JavaThread "File watcher server"        daemon [_thread_in_native, id=35664, stack(0x000000fe4ef00000,0x000000fe4f000000) (1024K)]
  0x00000271a18a9090 JavaThread "File watcher consumer"      daemon [_thread_blocked, id=25668, stack(0x000000fe4f000000,0x000000fe4f100000) (1024K)]
  0x00000271a18a9db0 JavaThread "jar transforms"                    [_thread_blocked, id=80004, stack(0x000000fe4f100000,0x000000fe4f200000) (1024K)]
  0x00000271a18a9720 JavaThread "jar transforms Thread 2"           [_thread_blocked, id=35628, stack(0x000000fe4f200000,0x000000fe4f300000) (1024K)]
  0x00000271a18ad8c0 JavaThread "Cache worker for checksums cache (D:\Android\AndroidStudioProjects\kmp-shop\.gradle\8.14.3\checksums)"        [_thread_blocked, id=72384, stack(0x000000fe4f500000,0x000000fe4f600000) (1024K)]
  0x00000271a18aaad0 JavaThread "Cache worker for file content cache (C:\Users\p.kazemiyeh\.gradle\caches\8.14.3\fileContent)"        [_thread_blocked, id=43128, stack(0x000000fe4f600000,0x000000fe4f700000) (1024K)]
  0x00000271a18ad230 JavaThread "jar transforms Thread 3"           [_thread_blocked, id=31012, stack(0x000000fe4f700000,0x000000fe4f800000) (1024K)]
  0x00000271a18aa440 JavaThread "Cache worker for cache directory md-supplier (C:\Users\p.kazemiyeh\.gradle\caches\8.14.3\md-supplier)"        [_thread_blocked, id=62508, stack(0x000000fe4f800000,0x000000fe4f900000) (1024K)]
  0x00000271a18ab7f0 JavaThread "Cache worker for cache directory md-rule (C:\Users\p.kazemiyeh\.gradle\caches\8.14.3\md-rule)"        [_thread_blocked, id=55836, stack(0x000000fe4f900000,0x000000fe4fa00000) (1024K)]
  0x00000271a18ae5e0 JavaThread "Unconstrained build operations"        [_thread_blocked, id=30552, stack(0x000000fe4fa00000,0x000000fe4fb00000) (1024K)]
  0x00000271a18ab160 JavaThread "Unconstrained build operations Thread 2"        [_thread_blocked, id=37816, stack(0x000000fe4fb00000,0x000000fe4fc00000) (1024K)]
  0x00000271a18abe80 JavaThread "Unconstrained build operations Thread 3"        [_thread_blocked, id=66832, stack(0x000000fe4fc00000,0x000000fe4fd00000) (1024K)]
  0x00000271a18acba0 JavaThread "Unconstrained build operations Thread 4"        [_thread_blocked, id=28668, stack(0x000000fe4fd00000,0x000000fe4fe00000) (1024K)]
  0x00000271a18aec70 JavaThread "Unconstrained build operations Thread 5"        [_thread_blocked, id=77856, stack(0x000000fe4fe00000,0x000000fe4ff00000) (1024K)]
  0x00000271a4892850 JavaThread "Unconstrained build operations Thread 6"        [_thread_blocked, id=76712, stack(0x000000fe4ff00000,0x000000fe50000000) (1024K)]
  0x00000271a4895640 JavaThread "Unconstrained build operations Thread 7"        [_thread_blocked, id=73060, stack(0x000000fe50000000,0x000000fe50100000) (1024K)]
  0x00000271a4894920 JavaThread "Unconstrained build operations Thread 8"        [_thread_blocked, id=43904, stack(0x000000fe50100000,0x000000fe50200000) (1024K)]
  0x00000271a4894fb0 JavaThread "Unconstrained build operations Thread 9"        [_thread_blocked, id=84884, stack(0x000000fe50200000,0x000000fe50300000) (1024K)]
  0x00000271a4895cd0 JavaThread "Unconstrained build operations Thread 10"        [_thread_blocked, id=41860, stack(0x000000fe50300000,0x000000fe50400000) (1024K)]
  0x00000271a4896360 JavaThread "Unconstrained build operations Thread 11"        [_thread_blocked, id=66972, stack(0x000000fe50400000,0x000000fe50500000) (1024K)]
  0x00000271a48969f0 JavaThread "Unconstrained build operations Thread 12"        [_thread_blocked, id=30188, stack(0x000000fe50500000,0x000000fe50600000) (1024K)]
  0x00000271a4893570 JavaThread "Unconstrained build operations Thread 13"        [_thread_blocked, id=11356, stack(0x000000fe50600000,0x000000fe50700000) (1024K)]
  0x00000271a4897080 JavaThread "Unconstrained build operations Thread 14"        [_thread_blocked, id=60460, stack(0x000000fe50700000,0x000000fe50800000) (1024K)]
  0x00000271a4894290 JavaThread "Unconstrained build operations Thread 15"        [_thread_blocked, id=55724, stack(0x000000fe50800000,0x000000fe50900000) (1024K)]
  0x00000271a4893c00 JavaThread "Unconstrained build operations Thread 16"        [_thread_blocked, id=81040, stack(0x000000fe50900000,0x000000fe50a00000) (1024K)]
  0x00000271a4898ac0 JavaThread "Unconstrained build operations Thread 17"        [_thread_blocked, id=72420, stack(0x000000fe50a00000,0x000000fe50b00000) (1024K)]
  0x00000271a4899150 JavaThread "Unconstrained build operations Thread 18"        [_thread_blocked, id=33464, stack(0x000000fe50b00000,0x000000fe50c00000) (1024K)]
  0x00000271a4897da0 JavaThread "Unconstrained build operations Thread 19"        [_thread_blocked, id=5852, stack(0x000000fe50c00000,0x000000fe50d00000) (1024K)]
  0x00000271a4898430 JavaThread "Unconstrained build operations Thread 20"        [_thread_blocked, id=12152, stack(0x000000fe50d00000,0x000000fe50e00000) (1024K)]
  0x00000271a48997e0 JavaThread "Unconstrained build operations Thread 21"        [_thread_blocked, id=33032, stack(0x000000fe50e00000,0x000000fe50f00000) (1024K)]
  0x00000271a4899e70 JavaThread "Unconstrained build operations Thread 22"        [_thread_blocked, id=18348, stack(0x000000fe50f00000,0x000000fe51000000) (1024K)]
  0x00000271a4897710 JavaThread "jar transforms Thread 4"           [_thread_blocked, id=74852, stack(0x000000fe51000000,0x000000fe51100000) (1024K)]
  0x00000271a48a3d50 JavaThread "jar transforms Thread 5"           [_thread_blocked, id=10824, stack(0x000000fe51100000,0x000000fe51200000) (1024K)]
  0x00000271a48a29a0 JavaThread "Unconstrained build operations Thread 23"        [_thread_blocked, id=44300, stack(0x000000fe51200000,0x000000fe51300000) (1024K)]
  0x00000271a48a3030 JavaThread "Unconstrained build operations Thread 24"        [_thread_blocked, id=41632, stack(0x000000fe51300000,0x000000fe51400000) (1024K)]
  0x00000271a48a36c0 JavaThread "Unconstrained build operations Thread 25"        [_thread_blocked, id=37376, stack(0x000000fe51400000,0x000000fe51500000) (1024K)]
  0x00000271a48a43e0 JavaThread "Unconstrained build operations Thread 26"        [_thread_blocked, id=55524, stack(0x000000fe51500000,0x000000fe51600000) (1024K)]
  0x00000271a48a0f60 JavaThread "Unconstrained build operations Thread 27"        [_thread_blocked, id=44460, stack(0x000000fe51600000,0x000000fe51700000) (1024K)]
  0x00000271a48a2310 JavaThread "Unconstrained build operations Thread 28"        [_thread_blocked, id=77644, stack(0x000000fe51700000,0x000000fe51800000) (1024K)]
  0x00000271a48a4a70 JavaThread "Unconstrained build operations Thread 29"        [_thread_blocked, id=66836, stack(0x000000fe51800000,0x000000fe51900000) (1024K)]
  0x00000271a48a15f0 JavaThread "Unconstrained build operations Thread 30"        [_thread_blocked, id=59352, stack(0x000000fe51900000,0x000000fe51a00000) (1024K)]
  0x00000271a48a5100 JavaThread "Unconstrained build operations Thread 31"        [_thread_blocked, id=53656, stack(0x000000fe51a00000,0x000000fe51b00000) (1024K)]
  0x00000271a48a1c80 JavaThread "Unconstrained build operations Thread 32"        [_thread_blocked, id=58876, stack(0x000000fe51b00000,0x000000fe51c00000) (1024K)]
  0x00000271a48a8580 JavaThread "Unconstrained build operations Thread 33"        [_thread_blocked, id=73512, stack(0x000000fe51c00000,0x000000fe51d00000) (1024K)]
  0x00000271a48a7860 JavaThread "jar transforms Thread 6"           [_thread_blocked, id=50416, stack(0x000000fe51d00000,0x000000fe51e00000) (1024K)]
  0x00000271a48a6b40 JavaThread "jar transforms Thread 7"           [_thread_blocked, id=85404, stack(0x000000fe51e00000,0x000000fe51f00000) (1024K)]
  0x00000271a48a7ef0 JavaThread "jar transforms Thread 8"           [_thread_blocked, id=5748, stack(0x000000fe51f00000,0x000000fe52000000) (1024K)]
  0x00000271a48a71d0 JavaThread "Unconstrained build operations Thread 34"        [_thread_blocked, id=12552, stack(0x000000fe4f400000,0x000000fe4f500000) (1024K)]
  0x00000271a425e770 JavaThread "Unconstrained build operations Thread 35"        [_thread_blocked, id=42328, stack(0x000000fe52000000,0x000000fe52100000) (1024K)]
  0x00000271a4260ed0 JavaThread "Unconstrained build operations Thread 36"        [_thread_blocked, id=30344, stack(0x000000fe52100000,0x000000fe52200000) (1024K)]
  0x00000271a4262910 JavaThread "Unconstrained build operations Thread 37"        [_thread_blocked, id=16924, stack(0x000000fe4cb00000,0x000000fe4cc00000) (1024K)]
  0x00000271a4262fa0 JavaThread "Unconstrained build operations Thread 38"        [_thread_blocked, id=47456, stack(0x000000fe4d800000,0x000000fe4d900000) (1024K)]
  0x00000271a425fb20 JavaThread "Unconstrained build operations Thread 39"        [_thread_blocked, id=35060, stack(0x000000fe4ec00000,0x000000fe4ed00000) (1024K)]
  0x00000271a4263630 JavaThread "Unconstrained build operations Thread 40"        [_thread_blocked, id=68848, stack(0x000000fe52200000,0x000000fe52300000) (1024K)]
  0x00000271a42601b0 JavaThread "Unconstrained build operations Thread 41"        [_thread_blocked, id=53540, stack(0x000000fe52300000,0x000000fe52400000) (1024K)]
  0x00000271a42649e0 JavaThread "Unconstrained build operations Thread 42"        [_thread_blocked, id=45508, stack(0x000000fe52400000,0x000000fe52500000) (1024K)]
  0x00000271a4263cc0 JavaThread "Unconstrained build operations Thread 43"        [_thread_blocked, id=73176, stack(0x000000fe52500000,0x000000fe52600000) (1024K)]
  0x00000271a4264350 JavaThread "Unconstrained build operations Thread 44"        [_thread_blocked, id=24692, stack(0x000000fe52600000,0x000000fe52700000) (1024K)]
  0x00000271a4265070 JavaThread "Unconstrained build operations Thread 45"        [_thread_blocked, id=29320, stack(0x000000fe52700000,0x000000fe52800000) (1024K)]
  0x00000271a4265700 JavaThread "Unconstrained build operations Thread 46"        [_thread_blocked, id=65328, stack(0x000000fe52800000,0x000000fe52900000) (1024K)]
  0x00000271a0265bc0 JavaThread "Unconstrained build operations Thread 47"        [_thread_blocked, id=57484, stack(0x000000fe52900000,0x000000fe52a00000) (1024K)]
  0x00000271a0263af0 JavaThread "Unconstrained build operations Thread 48"        [_thread_blocked, id=41036, stack(0x000000fe52a00000,0x000000fe52b00000) (1024K)]
  0x00000271a0264810 JavaThread "Unconstrained build operations Thread 49"        [_thread_blocked, id=51404, stack(0x000000fe52b00000,0x000000fe52c00000) (1024K)]
  0x00000271a0265530 JavaThread "Unconstrained build operations Thread 50"        [_thread_blocked, id=33036, stack(0x000000fe52c00000,0x000000fe52d00000) (1024K)]
  0x00000271a0266250 JavaThread "Unconstrained build operations Thread 51"        [_thread_blocked, id=74428, stack(0x000000fe52d00000,0x000000fe52e00000) (1024K)]
  0x00000271a0264180 JavaThread "Unconstrained build operations Thread 52"        [_thread_blocked, id=73196, stack(0x000000fe52e00000,0x000000fe52f00000) (1024K)]
  0x00000271a0264ea0 JavaThread "Unconstrained build operations Thread 53"        [_thread_blocked, id=69224, stack(0x000000fe52f00000,0x000000fe53000000) (1024K)]
  0x00000271a02668e0 JavaThread "Unconstrained build operations Thread 54"        [_thread_blocked, id=71040, stack(0x000000fe53000000,0x000000fe53100000) (1024K)]
  0x00000271a0266f70 JavaThread "Unconstrained build operations Thread 55"        [_thread_blocked, id=51212, stack(0x000000fe53100000,0x000000fe53200000) (1024K)]
  0x00000271a0cc48a0 JavaThread "Unconstrained build operations Thread 56"        [_thread_blocked, id=85992, stack(0x000000fe53300000,0x000000fe53400000) (1024K)]
  0x00000271a0cc2140 JavaThread "Unconstrained build operations Thread 57"        [_thread_in_native, id=57580, stack(0x000000fe53400000,0x000000fe53500000) (1024K)]
  0x00000271a0cc27d0 JavaThread "Unconstrained build operations Thread 58"        [_thread_blocked, id=44516, stack(0x000000fe53500000,0x000000fe53600000) (1024K)]
  0x00000271a0cc2e60 JavaThread "Unconstrained build operations Thread 59"        [_thread_blocked, id=49516, stack(0x000000fe53600000,0x000000fe53700000) (1024K)]
  0x00000271a0cc1ab0 JavaThread "Unconstrained build operations Thread 60"        [_thread_blocked, id=70604, stack(0x000000fe53700000,0x000000fe53800000) (1024K)]
  0x00000271a0cc55c0 JavaThread "Unconstrained build operations Thread 61"        [_thread_blocked, id=73880, stack(0x000000fe53800000,0x000000fe53900000) (1024K)]
  0x00000271a0cc5c50 JavaThread "Unconstrained build operations Thread 62"        [_thread_blocked, id=25620, stack(0x000000fe53900000,0x000000fe53a00000) (1024K)]
  0x00000271a0cc6970 JavaThread "Unconstrained build operations Thread 63"        [_thread_blocked, id=78444, stack(0x000000fe53a00000,0x000000fe53b00000) (1024K)]
  0x00000271a0cc3b80 JavaThread "Unconstrained build operations Thread 64"        [_thread_blocked, id=21604, stack(0x000000fe53b00000,0x000000fe53c00000) (1024K)]
  0x00000271a0cc62e0 JavaThread "Unconstrained build operations Thread 65"        [_thread_blocked, id=71876, stack(0x000000fe53c00000,0x000000fe53d00000) (1024K)]
  0x00000271a0cc4210 JavaThread "Unconstrained build operations Thread 66"        [_thread_blocked, id=2160, stack(0x000000fe53d00000,0x000000fe53e00000) (1024K)]
  0x00000271a0cc34f0 JavaThread "Unconstrained build operations Thread 67"        [_thread_blocked, id=50516, stack(0x000000fe53e00000,0x000000fe53f00000) (1024K)]
  0x00000271a0cc7d20 JavaThread "Unconstrained build operations Thread 68"        [_thread_blocked, id=43248, stack(0x000000fe53f00000,0x000000fe54000000) (1024K)]
  0x00000271a0cc83b0 JavaThread "Unconstrained build operations Thread 69"        [_thread_blocked, id=52160, stack(0x000000fe54000000,0x000000fe54100000) (1024K)]
  0x00000271a0cc8a40 JavaThread "Unconstrained build operations Thread 70"        [_thread_blocked, id=65172, stack(0x000000fe54100000,0x000000fe54200000) (1024K)]
  0x00000271a0cc90d0 JavaThread "Unconstrained build operations Thread 71"        [_thread_blocked, id=26160, stack(0x000000fe54200000,0x000000fe54300000) (1024K)]
  0x00000271a0cc7000 JavaThread "Unconstrained build operations Thread 72"        [_thread_blocked, id=7400, stack(0x000000fe54300000,0x000000fe54400000) (1024K)]
  0x00000271a0cc7690 JavaThread "Unconstrained build operations Thread 73"        [_thread_blocked, id=82868, stack(0x000000fe54400000,0x000000fe54500000) (1024K)]
  0x000002719d2a4080 JavaThread "Unconstrained build operations Thread 74"        [_thread_blocked, id=55972, stack(0x000000fe54500000,0x000000fe54600000) (1024K)]
  0x000002719d2a6150 JavaThread "Unconstrained build operations Thread 75"        [_thread_blocked, id=82940, stack(0x000000fe54600000,0x000000fe54700000) (1024K)]
  0x000002719d2a6e70 JavaThread "Unconstrained build operations Thread 76"        [_thread_blocked, id=51868, stack(0x000000fe54700000,0x000000fe54800000) (1024K)]
  0x000002719d2a5430 JavaThread "Unconstrained build operations Thread 77"        [_thread_blocked, id=69960, stack(0x000000fe54800000,0x000000fe54900000) (1024K)]
  0x000002719d2a7500 JavaThread "Unconstrained build operations Thread 78"        [_thread_blocked, id=26860, stack(0x000000fe54900000,0x000000fe54a00000) (1024K)]
  0x000002719d2a5ac0 JavaThread "Unconstrained build operations Thread 79"        [_thread_blocked, id=59688, stack(0x000000fe54a00000,0x000000fe54b00000) (1024K)]
  0x000002719d2a7b90 JavaThread "Unconstrained build operations Thread 80"        [_thread_blocked, id=17024, stack(0x000000fe54b00000,0x000000fe54c00000) (1024K)]
  0x000002719d2a67e0 JavaThread "Unconstrained build operations Thread 81"        [_thread_blocked, id=26116, stack(0x000000fe54c00000,0x000000fe54d00000) (1024K)]
  0x000002719d2a4710 JavaThread "Unconstrained build operations Thread 82"        [_thread_blocked, id=64516, stack(0x000000fe54d00000,0x000000fe54e00000) (1024K)]
  0x000002719d2a4da0 JavaThread "Unconstrained build operations Thread 83"        [_thread_blocked, id=39844, stack(0x000000fe54e00000,0x000000fe54f00000) (1024K)]
  0x000002719d2ab6a0 JavaThread "Unconstrained build operations Thread 84"        [_thread_blocked, id=28540, stack(0x000000fe54f00000,0x000000fe55000000) (1024K)]
  0x000002719d2a8f40 JavaThread "Unconstrained build operations Thread 85"        [_thread_blocked, id=69140, stack(0x000000fe55000000,0x000000fe55100000) (1024K)]
  0x000002719d2a88b0 JavaThread "Unconstrained build operations Thread 86"        [_thread_blocked, id=9404, stack(0x000000fe55100000,0x000000fe55200000) (1024K)]
  0x000002719d2a95d0 JavaThread "Unconstrained build operations Thread 87"        [_thread_blocked, id=41648, stack(0x000000fe55200000,0x000000fe55300000) (1024K)]
  0x000002719d2aa980 JavaThread "Unconstrained build operations Thread 88"        [_thread_blocked, id=84088, stack(0x000000fe55300000,0x000000fe55400000) (1024K)]
  0x000002719d2ab010 JavaThread "Unconstrained build operations Thread 89"        [_thread_blocked, id=82600, stack(0x000000fe55400000,0x000000fe55500000) (1024K)]
  0x000002719d2a9c60 JavaThread "Unconstrained build operations Thread 90"        [_thread_blocked, id=30164, stack(0x000000fe55500000,0x000000fe55600000) (1024K)]
  0x000002719d2aa2f0 JavaThread "Unconstrained build operations Thread 91"        [_thread_blocked, id=42732, stack(0x000000fe55600000,0x000000fe55700000) (1024K)]
  0x000002719d2a8220 JavaThread "Unconstrained build operations Thread 92"        [_thread_blocked, id=48580, stack(0x000000fe55700000,0x000000fe55800000) (1024K)]
  0x00000271a005c4f0 JavaThread "Unconstrained build operations Thread 93"        [_thread_blocked, id=57760, stack(0x000000fe55800000,0x000000fe55900000) (1024K)]
  0x00000271a005ec50 JavaThread "Unconstrained build operations Thread 94"        [_thread_blocked, id=41300, stack(0x000000fe55a00000,0x000000fe55b00000) (1024K)]
  0x00000271a005f970 JavaThread "Unconstrained build operations Thread 95"        [_thread_blocked, id=4640, stack(0x000000fe55b00000,0x000000fe55c00000) (1024K)]
  0x00000271a005d210 JavaThread "Unconstrained build operations Thread 96"        [_thread_blocked, id=44880, stack(0x000000fe55c00000,0x000000fe55d00000) (1024K)]
  0x00000271a005f2e0 JavaThread "Unconstrained build operations Thread 97"        [_thread_blocked, id=79940, stack(0x000000fe55d00000,0x000000fe55e00000) (1024K)]
  0x00000271a0060000 JavaThread "Unconstrained build operations Thread 98"        [_thread_blocked, id=53820, stack(0x000000fe55e00000,0x000000fe55f00000) (1024K)]
  0x00000271a005cb80 JavaThread "Unconstrained build operations Thread 99"        [_thread_blocked, id=53048, stack(0x000000fe55f00000,0x000000fe56000000) (1024K)]
  0x00000271a0060d20 JavaThread "Unconstrained build operations Thread 100"        [_thread_blocked, id=44168, stack(0x000000fe56000000,0x000000fe56100000) (1024K)]
  0x00000271a0060690 JavaThread "Unconstrained build operations Thread 101"        [_thread_blocked, id=38676, stack(0x000000fe56100000,0x000000fe56200000) (1024K)]
  0x00000271a005df30 JavaThread "Unconstrained build operations Thread 102"        [_thread_blocked, id=8932, stack(0x000000fe56200000,0x000000fe56300000) (1024K)]
  0x00000271a0061a40 JavaThread "build event listener"              [_thread_blocked, id=33492, stack(0x000000fe56300000,0x000000fe56400000) (1024K)]
  0x00000271a00620d0 JavaThread "build event listener"              [_thread_blocked, id=12404, stack(0x000000fe56400000,0x000000fe56500000) (1024K)]
  0x00000271a0063b10 JavaThread "Memory manager"                    [_thread_blocked, id=59968, stack(0x000000fe55900000,0x000000fe55a00000) (1024K)]
  0x000002719ee3e440 JavaThread "build event listener"              [_thread_blocked, id=62032, stack(0x000000fe56500000,0x000000fe56600000) (1024K)]
  0x00000271a1238aa0 JavaThread "Problems report writer"            [_thread_blocked, id=18828, stack(0x000000fe56700000,0x000000fe56800000) (1024K)]
  0x00000271a123c5b0 JavaThread "Unconstrained build operations Thread 103"        [_thread_blocked, id=80776, stack(0x000000fe56800000,0x000000fe56900000) (1024K)]
  0x00000271a123ab70 JavaThread "Unconstrained build operations Thread 104"        [_thread_blocked, id=63276, stack(0x000000fe56900000,0x000000fe56a00000) (1024K)]
  0x00000271a1239130 JavaThread "Unconstrained build operations Thread 105"        [_thread_blocked, id=17360, stack(0x000000fe56a00000,0x000000fe56b00000) (1024K)]
  0x00000271a123cc40 JavaThread "Unconstrained build operations Thread 106"        [_thread_blocked, id=71036, stack(0x000000fe56b00000,0x000000fe56c00000) (1024K)]
  0x00000271a12397c0 JavaThread "Unconstrained build operations Thread 107"        [_thread_blocked, id=84800, stack(0x000000fe56c00000,0x000000fe56d00000) (1024K)]
  0x00000271a12400c0 JavaThread "Unconstrained build operations Thread 108"        [_thread_blocked, id=85576, stack(0x000000fe56d00000,0x000000fe56e00000) (1024K)]
  0x00000271a123d960 JavaThread "Unconstrained build operations Thread 109"        [_thread_blocked, id=84532, stack(0x000000fe56e00000,0x000000fe56f00000) (1024K)]
  0x00000271a123dff0 JavaThread "Unconstrained build operations Thread 110"        [_thread_blocked, id=31980, stack(0x000000fe56f00000,0x000000fe57000000) (1024K)]
  0x00000271a123d2d0 JavaThread "Unconstrained build operations Thread 111"        [_thread_blocked, id=75612, stack(0x000000fe57000000,0x000000fe57100000) (1024K)]
  0x00000271a1240de0 JavaThread "Unconstrained build operations Thread 112"        [_thread_blocked, id=53144, stack(0x000000fe57100000,0x000000fe57200000) (1024K)]
  0x00000271a1241470 JavaThread "Unconstrained build operations Thread 113"        [_thread_blocked, id=74924, stack(0x000000fe57200000,0x000000fe57300000) (1024K)]
  0x00000271a123f3a0 JavaThread "Unconstrained build operations Thread 114"        [_thread_blocked, id=46188, stack(0x000000fe57300000,0x000000fe57400000) (1024K)]
  0x00000271a1241b00 JavaThread "Unconstrained build operations Thread 115"        [_thread_blocked, id=42724, stack(0x000000fe57400000,0x000000fe57500000) (1024K)]
  0x00000271a123e680 JavaThread "Unconstrained build operations Thread 116"        [_thread_blocked, id=52956, stack(0x000000fe57500000,0x000000fe57600000) (1024K)]
  0x00000271a123ed10 JavaThread "Unconstrained build operations Thread 117"        [_thread_blocked, id=79208, stack(0x000000fe57700000,0x000000fe57800000) (1024K)]
  0x00000271a1242820 JavaThread "Unconstrained build operations Thread 118"        [_thread_blocked, id=35572, stack(0x000000fe57800000,0x000000fe57900000) (1024K)]
  0x00000271a4262280 JavaThread "Unconstrained build operations Thread 119"        [_thread_blocked, id=44952, stack(0x000000fe57900000,0x000000fe57a00000) (1024K)]
  0x00000271ac27ed20 JavaThread "Unconstrained build operations Thread 120"        [_thread_blocked, id=74760, stack(0x000000fe57a00000,0x000000fe57b00000) (1024K)]
  0x00000271ac27e690 JavaThread "Unconstrained build operations Thread 121"        [_thread_blocked, id=38716, stack(0x000000fe57b00000,0x000000fe57c00000) (1024K)]
  0x00000271ac27f3b0 JavaThread "Unconstrained build operations Thread 122"        [_thread_blocked, id=73928, stack(0x000000fe57c00000,0x000000fe57d00000) (1024K)]
  0x00000271ac27fa40 JavaThread "Unconstrained build operations Thread 123"        [_thread_blocked, id=61836, stack(0x000000fe57d00000,0x000000fe57e00000) (1024K)]
  0x00000271ac280760 JavaThread "Unconstrained build operations Thread 124"        [_thread_blocked, id=7456, stack(0x000000fe57e00000,0x000000fe57f00000) (1024K)]
  0x00000271ac2800d0 JavaThread "Unconstrained build operations Thread 125"        [_thread_blocked, id=30028, stack(0x000000fe57f00000,0x000000fe58000000) (1024K)]
  0x00000271ac280df0 JavaThread "Unconstrained build operations Thread 126"        [_thread_blocked, id=2744, stack(0x000000fe58000000,0x000000fe58100000) (1024K)]
  0x00000271ac27d970 JavaThread "Unconstrained build operations Thread 127"        [_thread_blocked, id=73208, stack(0x000000fe58100000,0x000000fe58200000) (1024K)]
  0x00000271ac281480 JavaThread "Unconstrained build operations Thread 128"        [_thread_blocked, id=61784, stack(0x000000fe58200000,0x000000fe58300000) (1024K)]
  0x00000271ac27e000 JavaThread "Unconstrained build operations Thread 129"        [_thread_blocked, id=41020, stack(0x000000fe58300000,0x000000fe58400000) (1024K)]
  0x00000271ac284270 JavaThread "Unconstrained build operations Thread 130"        [_thread_blocked, id=68132, stack(0x000000fe58400000,0x000000fe58500000) (1024K)]
  0x00000271ac283be0 JavaThread "Unconstrained build operations Thread 131"        [_thread_blocked, id=60516, stack(0x000000fe58500000,0x000000fe58600000) (1024K)]
  0x00000271ac281b10 JavaThread "Unconstrained build operations Thread 132"        [_thread_blocked, id=54940, stack(0x000000fe58600000,0x000000fe58700000) (1024K)]
  0x00000271ac284900 JavaThread "Unconstrained build operations Thread 133"        [_thread_blocked, id=26216, stack(0x000000fe58700000,0x000000fe58800000) (1024K)]
  0x00000271ac284f90 JavaThread "Unconstrained build operations Thread 134"        [_thread_blocked, id=60048, stack(0x000000fe58800000,0x000000fe58900000) (1024K)]
  0x00000271ac285620 JavaThread "Unconstrained build operations Thread 135"        [_thread_blocked, id=55808, stack(0x000000fe58900000,0x000000fe58a00000) (1024K)]
  0x00000271ac2821a0 JavaThread "Unconstrained build operations Thread 136"        [_thread_blocked, id=55468, stack(0x000000fe58a00000,0x000000fe58b00000) (1024K)]
  0x00000271ac285cb0 JavaThread "Unconstrained build operations Thread 137"        [_thread_blocked, id=72316, stack(0x000000fe58b00000,0x000000fe58c00000) (1024K)]
  0x00000271ac282830 JavaThread "Unconstrained build operations Thread 138"        [_thread_blocked, id=57064, stack(0x000000fe57600000,0x000000fe57700000) (1024K)]
  0x00000271ac286340 JavaThread "Unconstrained build operations Thread 139"        [_thread_blocked, id=68436, stack(0x000000fe58c00000,0x000000fe58d00000) (1024K)]
  0x00000271ac282ec0 JavaThread "Unconstrained build operations Thread 140"        [_thread_blocked, id=66216, stack(0x000000fe58d00000,0x000000fe58e00000) (1024K)]
  0x00000271ac2869d0 JavaThread "Unconstrained build operations Thread 141"        [_thread_blocked, id=20920, stack(0x000000fe58e00000,0x000000fe58f00000) (1024K)]
  0x00000271ac283550 JavaThread "Unconstrained build operations Thread 142"        [_thread_blocked, id=60600, stack(0x000000fe58f00000,0x000000fe59000000) (1024K)]
  0x00000271ac2897c0 JavaThread "Unconstrained build operations Thread 143"        [_thread_blocked, id=42472, stack(0x000000fe59000000,0x000000fe59100000) (1024K)]
  0x00000271ac288410 JavaThread "Unconstrained build operations Thread 144"        [_thread_blocked, id=23764, stack(0x000000fe59100000,0x000000fe59200000) (1024K)]
  0x00000271ac391430 JavaThread "included builds"                   [_thread_blocked, id=49504, stack(0x000000fe59400000,0x000000fe59500000) (1024K)]
  0x00000271ac392e70 JavaThread "Execution worker"                  [_thread_blocked, id=57516, stack(0x000000fe59500000,0x000000fe59600000) (1024K)]
  0x00000271ac3927e0 JavaThread "Execution worker Thread 2"         [_thread_blocked, id=82572, stack(0x000000fe59600000,0x000000fe59700000) (1024K)]
  0x00000271ac393500 JavaThread "Execution worker Thread 3"         [_thread_blocked, id=61356, stack(0x000000fe59700000,0x000000fe59800000) (1024K)]
  0x00000271ac390080 JavaThread "Execution worker Thread 4"         [_thread_blocked, id=74740, stack(0x000000fe59800000,0x000000fe59900000) (1024K)]
  0x00000271ac3955d0 JavaThread "Execution worker Thread 5"         [_thread_blocked, id=60540, stack(0x000000fe59900000,0x000000fe59a00000) (1024K)]
  0x00000271ac394f40 JavaThread "Execution worker Thread 6"         [_thread_blocked, id=16128, stack(0x000000fe59a00000,0x000000fe59b00000) (1024K)]
  0x00000271ac3962f0 JavaThread "Execution worker Thread 7"         [_thread_blocked, id=21760, stack(0x000000fe59b00000,0x000000fe59c00000) (1024K)]
  0x00000271ac397010 JavaThread "Execution worker Thread 8"         [_thread_in_native, id=55812, stack(0x000000fe59c00000,0x000000fe59d00000) (1024K)]
  0x00000271ac395c60 JavaThread "Execution worker Thread 9"         [_thread_blocked, id=63872, stack(0x000000fe59d00000,0x000000fe59e00000) (1024K)]
  0x00000271ac3948b0 JavaThread "Execution worker Thread 10"        [_thread_blocked, id=9508, stack(0x000000fe59e00000,0x000000fe59f00000) (1024K)]
  0x00000271ac393b90 JavaThread "Execution worker Thread 11"        [_thread_in_native, id=26440, stack(0x000000fe59f00000,0x000000fe5a000000) (1024K)]
  0x00000271ac3990e0 JavaThread "Execution worker Thread 12"        [_thread_in_native, id=45640, stack(0x000000fe5a000000,0x000000fe5a100000) (1024K)]
  0x00000271ac3976a0 JavaThread "Execution worker Thread 13"        [_thread_in_native, id=57704, stack(0x000000fe5a100000,0x000000fe5a200000) (1024K)]
  0x00000271ac397d30 JavaThread "Execution worker Thread 14"        [_thread_in_native, id=12180, stack(0x000000fe5a200000,0x000000fe5a300000) (1024K)]
  0x00000271ac399770 JavaThread "Execution worker Thread 15"        [_thread_blocked, id=69544, stack(0x000000fe5a300000,0x000000fe5a400000) (1024K)]
  0x00000271ac3983c0 JavaThread "Execution worker Thread 16"        [_thread_in_native, id=42316, stack(0x000000fe5a400000,0x000000fe5a500000) (1024K)]
  0x00000271ac399e00 JavaThread "Execution worker Thread 17"        [_thread_in_native, id=40820, stack(0x000000fe5a500000,0x000000fe5a600000) (1024K)]
  0x00000271ac398a50 JavaThread "Execution worker Thread 18"        [_thread_in_native, id=75820, stack(0x000000fe5a600000,0x000000fe5a700000) (1024K)]
  0x00000271ac396980 JavaThread "Execution worker Thread 19"        [_thread_blocked, id=15648, stack(0x000000fe5a700000,0x000000fe5a800000) (1024K)]
  0x00000271ac39ab20 JavaThread "Cache worker for execution history cache (D:\Android\AndroidStudioProjects\kmp-shop\.gradle\8.14.3\executionHistory)"        [_thread_blocked, id=57024, stack(0x000000fe5a800000,0x000000fe5a900000) (1024K)]
  0x00000271ac39bed0 JavaThread "Unconstrained build operations Thread 145"        [_thread_blocked, id=52828, stack(0x000000fe59300000,0x000000fe59400000) (1024K)]
  0x00000271aa3f1670 JavaThread "Unconstrained build operations Thread 146"        [_thread_blocked, id=51540, stack(0x000000fe56600000,0x000000fe56700000) (1024K)]
  0x00000271aa3f0fe0 JavaThread "Unconstrained build operations Thread 147"        [_thread_blocked, id=24988, stack(0x000000fe59200000,0x000000fe59300000) (1024K)]
  0x00000271aa3f5180 JavaThread "Unconstrained build operations Thread 148"        [_thread_blocked, id=59964, stack(0x000000fe5a900000,0x000000fe5aa00000) (1024K)]
  0x00000271aa3f3dd0 JavaThread "Unconstrained build operations Thread 149"        [_thread_blocked, id=47804, stack(0x000000fe5aa00000,0x000000fe5ab00000) (1024K)]
  0x00000271aa3f4af0 JavaThread "Unconstrained build operations Thread 150"        [_thread_blocked, id=76284, stack(0x000000fe5ab00000,0x000000fe5ac00000) (1024K)]
  0x00000271aa3f3740 JavaThread "Unconstrained build operations Thread 151"        [_thread_blocked, id=49468, stack(0x000000fe5ac00000,0x000000fe5ad00000) (1024K)]
  0x00000271aa3f5810 JavaThread "Unconstrained build operations Thread 152"        [_thread_blocked, id=75372, stack(0x000000fe5ad00000,0x000000fe5ae00000) (1024K)]
  0x00000271aa3f30b0 JavaThread "Unconstrained build operations Thread 153"        [_thread_blocked, id=82280, stack(0x000000fe5ae00000,0x000000fe5af00000) (1024K)]
  0x00000271aa3f2390 JavaThread "Unconstrained build operations Thread 154"        [_thread_blocked, id=52128, stack(0x000000fe5af00000,0x000000fe5b000000) (1024K)]
  0x00000271aa3f5ea0 JavaThread "Unconstrained build operations Thread 155"        [_thread_blocked, id=81996, stack(0x000000fe5b000000,0x000000fe5b100000) (1024K)]
  0x00000271aa3f2a20 JavaThread "Unconstrained build operations Thread 156"        [_thread_blocked, id=78756, stack(0x000000fe5b100000,0x000000fe5b200000) (1024K)]
  0x00000271aa3f8c90 JavaThread "Unconstrained build operations Thread 157"        [_thread_blocked, id=32264, stack(0x000000fe5b200000,0x000000fe5b300000) (1024K)]
  0x00000271aa3f7250 JavaThread "Unconstrained build operations Thread 158"        [_thread_blocked, id=72280, stack(0x000000fe5b600000,0x000000fe5b700000) (1024K)]
  0x00000271aa3f99b0 JavaThread "Unconstrained build operations Thread 159"        [_thread_blocked, id=78332, stack(0x000000fe5b700000,0x000000fe5b800000) (1024K)]
  0x00000271aa3f6530 JavaThread "Unconstrained build operations Thread 160"        [_thread_blocked, id=54468, stack(0x000000fe5b800000,0x000000fe5b900000) (1024K)]
  0x00000271aa3f78e0 JavaThread "Unconstrained build operations Thread 161"        [_thread_blocked, id=74040, stack(0x000000fe5b900000,0x000000fe5ba00000) (1024K)]
  0x00000271aa3fa040 JavaThread "Unconstrained build operations Thread 162"        [_thread_blocked, id=64228, stack(0x000000fe5ba00000,0x000000fe5bb00000) (1024K)]
  0x00000271aa3f6bc0 JavaThread "Unconstrained build operations Thread 163"        [_thread_blocked, id=14152, stack(0x000000fe5bb00000,0x000000fe5bc00000) (1024K)]
  0x00000271aa3fa6d0 JavaThread "Unconstrained build operations Thread 164"        [_thread_blocked, id=59692, stack(0x000000fe5be00000,0x000000fe5bf00000) (1024K)]
  0x00000271aa3fad60 JavaThread "Unconstrained build operations Thread 165"        [_thread_blocked, id=22092, stack(0x000000fe5bf00000,0x000000fe5c000000) (1024K)]
  0x00000271aa3fb3f0 JavaThread "Unconstrained build operations Thread 166"        [_thread_blocked, id=41808, stack(0x000000fe5c000000,0x000000fe5c100000) (1024K)]
  0x00000271aa3f7f70 JavaThread "Unconstrained build operations Thread 167"        [_thread_blocked, id=82552, stack(0x000000fe5c100000,0x000000fe5c200000) (1024K)]
  0x00000271aa3fba80 JavaThread "Unconstrained build operations Thread 168"        [_thread_blocked, id=64120, stack(0x000000fe5c200000,0x000000fe5c300000) (1024K)]
  0x00000271aa3f8600 JavaThread "Unconstrained build operations Thread 169"        [_thread_blocked, id=23856, stack(0x000000fe5c300000,0x000000fe5c400000) (1024K)]
  0x00000271aa3fc110 JavaThread "Unconstrained build operations Thread 170"        [_thread_blocked, id=16388, stack(0x000000fe5c400000,0x000000fe5c500000) (1024K)]
  0x00000271aa3fe1e0 JavaThread "Unconstrained build operations Thread 171"        [_thread_blocked, id=7060, stack(0x000000fe5c500000,0x000000fe5c600000) (1024K)]
  0x00000271aa3ff590 JavaThread "Unconstrained build operations Thread 172"        [_thread_blocked, id=72744, stack(0x000000fe5c600000,0x000000fe5c700000) (1024K)]
  0x00000271aa3fd4c0 JavaThread "Unconstrained build operations Thread 173"        [_thread_blocked, id=36396, stack(0x000000fe5c700000,0x000000fe5c800000) (1024K)]
  0x00000271aa3fdb50 JavaThread "Unconstrained build operations Thread 174"        [_thread_blocked, id=65608, stack(0x000000fe5c800000,0x000000fe5c900000) (1024K)]
  0x00000271aa3fe870 JavaThread "Unconstrained build operations Thread 175"        [_thread_blocked, id=18496, stack(0x000000fe5c900000,0x000000fe5ca00000) (1024K)]
  0x00000271aa3fef00 JavaThread "Unconstrained build operations Thread 176"        [_thread_blocked, id=43144, stack(0x000000fe5ca00000,0x000000fe5cb00000) (1024K)]
  0x00000271aa3ffc20 JavaThread "Unconstrained build operations Thread 177"        [_thread_blocked, id=50784, stack(0x000000fe5cb00000,0x000000fe5cc00000) (1024K)]
  0x00000271aa3fc7a0 JavaThread "Unconstrained build operations Thread 178"        [_thread_blocked, id=58460, stack(0x000000fe5cc00000,0x000000fe5cd00000) (1024K)]
  0x00000271aa4002b0 JavaThread "Unconstrained build operations Thread 179"        [_thread_blocked, id=64124, stack(0x000000fe5cd00000,0x000000fe5ce00000) (1024K)]
  0x00000271aa3fce30 JavaThread "Unconstrained build operations Thread 180"        [_thread_blocked, id=59040, stack(0x000000fe5ce00000,0x000000fe5cf00000) (1024K)]
  0x00000271ac39b840 JavaThread "Unconstrained build operations Thread 181"        [_thread_blocked, id=45760, stack(0x000000fe5cf00000,0x000000fe5d000000) (1024K)]
  0x00000271ac39a490 JavaThread "Unconstrained build operations Thread 182"        [_thread_blocked, id=69104, stack(0x000000fe5d000000,0x000000fe5d100000) (1024K)]
  0x00000271ac39d280 JavaThread "Unconstrained build operations Thread 183"        [_thread_blocked, id=72400, stack(0x000000fe5d100000,0x000000fe5d200000) (1024K)]
  0x00000271aaec2190 JavaThread "Unconstrained build operations Thread 184"        [_thread_blocked, id=62804, stack(0x000000fe4c800000,0x000000fe4c900000) (1024K)]
  0x00000271aaec2820 JavaThread "Unconstrained build operations Thread 185"        [_thread_blocked, id=85656, stack(0x000000fe4c900000,0x000000fe4ca00000) (1024K)]
  0x00000271aaec2eb0 JavaThread "Unconstrained build operations Thread 186"        [_thread_blocked, id=19788, stack(0x000000fe4d900000,0x000000fe4da00000) (1024K)]
  0x00000271aaec3540 JavaThread "Unconstrained build operations Thread 187"        [_thread_blocked, id=47444, stack(0x000000fe53200000,0x000000fe53300000) (1024K)]
  0x00000271aaec3bd0 JavaThread "Unconstrained build operations Thread 188"        [_thread_blocked, id=48024, stack(0x000000fe5b300000,0x000000fe5b400000) (1024K)]
  0x00000271aaec0750 JavaThread "Unconstrained build operations Thread 189"        [_thread_blocked, id=15092, stack(0x000000fe5bc00000,0x000000fe5bd00000) (1024K)]
  0x00000271aaec4260 JavaThread "Unconstrained build operations Thread 190"        [_thread_blocked, id=69796, stack(0x000000fe5bd00000,0x000000fe5be00000) (1024K)]
  0x00000271aaec1b00 JavaThread "Unconstrained build operations Thread 191"        [_thread_blocked, id=58332, stack(0x000000fe5d200000,0x000000fe5d300000) (1024K)]
  0x00000271aaec0de0 JavaThread "Unconstrained build operations Thread 192"        [_thread_blocked, id=60412, stack(0x000000fe5d300000,0x000000fe5d400000) (1024K)]
  0x00000271aaec48f0 JavaThread "Unconstrained build operations Thread 193"        [_thread_blocked, id=11380, stack(0x000000fe5d400000,0x000000fe5d500000) (1024K)]
  0x00000271aaec1470 JavaThread "Unconstrained build operations Thread 194"        [_thread_blocked, id=82212, stack(0x000000fe5d500000,0x000000fe5d600000) (1024K)]
  0x00000271aaec69c0 JavaThread "Unconstrained build operations Thread 195"        [_thread_blocked, id=14720, stack(0x000000fe5d600000,0x000000fe5d700000) (1024K)]
  0x00000271aaec7d70 JavaThread "Unconstrained build operations Thread 196"        [_thread_blocked, id=82396, stack(0x000000fe5d700000,0x000000fe5d800000) (1024K)]
  0x00000271aaec5610 JavaThread "Unconstrained build operations Thread 197"        [_thread_blocked, id=67108, stack(0x000000fe5d800000,0x000000fe5d900000) (1024K)]
  0x00000271aaec8400 JavaThread "Unconstrained build operations Thread 198"        [_thread_blocked, id=69920, stack(0x000000fe5d900000,0x000000fe5da00000) (1024K)]
  0x00000271aaec4f80 JavaThread "Unconstrained build operations Thread 199"        [_thread_blocked, id=66864, stack(0x000000fe5da00000,0x000000fe5db00000) (1024K)]
  0x00000271aaec7050 JavaThread "Unconstrained build operations Thread 200"        [_thread_blocked, id=46572, stack(0x000000fe5db00000,0x000000fe5dc00000) (1024K)]
  0x00000271aaec5ca0 JavaThread "WorkerExecutor Queue"              [_thread_blocked, id=37440, stack(0x000000fe5e100000,0x000000fe5e200000) (1024K)]
  0x00000271aaec97b0 JavaThread "RMI Scheduler(0)"           daemon [_thread_blocked, id=29156, stack(0x000000fe5e200000,0x000000fe5e300000) (1024K)]
  0x00000271aaecd2c0 JavaThread "RMI GC Daemon"              daemon [_thread_blocked, id=5696, stack(0x000000fe5e400000,0x000000fe5e500000) (1024K)]
  0x00000271aaecb880 JavaThread "RMI TCP Accept-0"           daemon [_thread_in_native, id=43472, stack(0x000000fe5e500000,0x000000fe5e600000) (1024K)]
  0x00000271aaecb1f0 JavaThread "RMI Reaper"                        [_thread_blocked, id=82132, stack(0x000000fe5e600000,0x000000fe5e700000) (1024K)]
  0x00000271aaebe680 JavaThread "RMI TCP Connection(19)-127.0.0.1" daemon [_thread_in_native, id=71272, stack(0x000000fe5e700000,0x000000fe5e800000) (1024K)]
  0x00000271aaebb890 JavaThread "WorkerExecutor Queue Thread 2"        [_thread_in_native, id=83744, stack(0x000000fe5e000000,0x000000fe5e100000) (1024K)]
  0x00000271aaebd960 JavaThread "RMI TCP Connection(17)-127.0.0.1" daemon [_thread_in_native, id=16052, stack(0x000000fe5eb00000,0x000000fe5ec00000) (1024K)]
  0x00000271aaed4250 JavaThread "WorkerExecutor Queue Thread 3"        [_thread_in_native, id=8024, stack(0x000000fe5ec00000,0x000000fe5ed00000) (1024K)]
  0x00000271aaed0dd0 JavaThread "WorkerExecutor Queue Thread 4"        [_thread_blocked, id=39132, stack(0x000000fe5de00000,0x000000fe5df00000) (1024K)]
  0x00000271aaed5600 JavaThread "WorkerExecutor Queue Thread 5"        [_thread_in_native, id=81736, stack(0x000000fe5df00000,0x000000fe5e000000) (1024K)]
  0x00000271aaecab60 JavaThread "pool-3-thread-1"                   [_thread_blocked, id=38776, stack(0x000000fe5ed00000,0x000000fe5ee00000) (1024K)]
  0x00000271aaed1460 JavaThread "WorkerExecutor Queue Thread 6"        [_thread_in_native, id=56344, stack(0x000000fe5f600000,0x000000fe5f700000) (1024K)]
  0x00000271aaed00b0 JavaThread "RMI TCP Connection(18)-127.0.0.1" daemon [_thread_in_native, id=15244, stack(0x000000fe5f800000,0x000000fe5f900000) (1024K)]
  0x00000271aaec6330 JavaThread "WorkerExecutor Queue Thread 7"        [_thread_blocked, id=78356, stack(0x000000fe5f400000,0x000000fe5f500000) (1024K)]
  0x00000271aaed7040 JavaThread "WorkerExecutor Queue Thread 8"        [_thread_blocked, id=42292, stack(0x000000fe4b500000,0x000000fe4b600000) (1024K)]
  0x00000271aaed9110 JavaThread "File lock release action executor"        [_thread_blocked, id=12736, stack(0x000000fe4b600000,0x000000fe4b700000) (1024K)]
  0x00000271aaed8a80 JavaThread "WorkerExecutor Queue Thread 9"        [_thread_in_native, id=77896, stack(0x000000fe5e300000,0x000000fe5e400000) (1024K)]
  0x00000271aaed5c90 JavaThread "WorkerExecutor Queue Thread 10"        [_thread_in_native, id=29564, stack(0x000000fe5e900000,0x000000fe5ea00000) (1024K)]
  0x00000271b1fd00d0 JavaThread "WorkerExecutor Queue Thread 11"        [_thread_blocked, id=55044, stack(0x000000fe5f000000,0x000000fe5f100000) (1024K)]
  0x00000271b1fd3be0 JavaThread "WorkerExecutor Queue Thread 12"        [_thread_in_native, id=58628, stack(0x000000fe5f100000,0x000000fe5f200000) (1024K)]
  0x00000271b1fd4270 JavaThread "WorkerExecutor Queue Thread 13"        [_thread_blocked, id=55932, stack(0x000000fe5f200000,0x000000fe5f300000) (1024K)]
  0x00000271b1fd1480 JavaThread "WorkerExecutor Queue Thread 14"        [_thread_in_native, id=57000, stack(0x000000fe5f500000,0x000000fe5f600000) (1024K)]
  0x00000271b1fd5620 JavaThread "WorkerExecutor Queue Thread 15"        [_thread_in_native, id=67224, stack(0x000000fe5f700000,0x000000fe5f800000) (1024K)]
  0x00000271b1fd8410 JavaThread "WorkerExecutor Queue Thread 16"        [_thread_in_native, id=68688, stack(0x000000fe5f900000,0x000000fe5fa00000) (1024K)]
  0x00000271b1fd4f90 JavaThread "WorkerExecutor Queue Thread 17"        [_thread_blocked, id=59856, stack(0x000000fe5fa00000,0x000000fe5fb00000) (1024K)]
  0x00000271b1fd69d0 JavaThread "WorkerExecutor Queue Thread 18"        [_thread_blocked, id=63412, stack(0x000000fe5fc00000,0x000000fe5fd00000) (1024K)]
  0x00000271b1fd7d80 JavaThread "WorkerExecutor Queue Thread 19"        [_thread_in_native, id=24236, stack(0x000000fe5fd00000,0x000000fe5fe00000) (1024K)]
  0x00000271b1fd8aa0 JavaThread "WorkerExecutor Queue Thread 20"        [_thread_blocked, id=36484, stack(0x000000fe5fe00000,0x000000fe5ff00000) (1024K)]
  0x00000271b1fd9e50 JavaThread "RMI RenewClean-[127.0.0.1:17953,org.jetbrains.kotlin.daemon.common.LoopbackNetworkInterface$ClientLoopbackSocketFactory@38974d4b]" daemon [_thread_blocked, id=51000, stack(0x000000fe60100000,0x000000fe60200000) (1024K)]
  0x00000271b1fda4e0 JavaThread "RMI RenewClean-[127.0.0.1:17953,org.jetbrains.kotlin.daemon.common.LoopbackNetworkInterface$ClientLoopbackSocketFactory@7b28ef18]" daemon [_thread_blocked, id=59492, stack(0x000000fe60200000,0x000000fe60300000) (1024K)]
  0x00000271b1fdab70 JavaThread "RMI TCP Connection(10)-127.0.0.1" daemon [_thread_in_native, id=18332, stack(0x000000fe60300000,0x000000fe60400000) (1024K)]
  0x00000271b1fd76f0 JavaThread "RMI RenewClean-[127.0.0.1:17953,org.jetbrains.kotlin.daemon.common.LoopbackNetworkInterface$ClientLoopbackSocketFactory@6fb5606e]" daemon [_thread_blocked, id=61856, stack(0x000000fe60400000,0x000000fe60500000) (1024K)]
  0x00000271b1fdcc40 JavaThread "RMI TCP Connection(11)-127.0.0.1" daemon [_thread_in_native, id=65064, stack(0x000000fe60500000,0x000000fe60600000) (1024K)]
  0x00000271b1fdbf20 JavaThread "RMI RenewClean-[127.0.0.1:17953,org.jetbrains.kotlin.daemon.common.LoopbackNetworkInterface$ClientLoopbackSocketFactory@4b7ad8e4]" daemon [_thread_blocked, id=27628, stack(0x000000fe60600000,0x000000fe60700000) (1024K)]
  0x00000271b1fdc5b0 JavaThread "RMI TCP Connection(12)-127.0.0.1" daemon [_thread_in_native, id=50764, stack(0x000000fe60700000,0x000000fe60800000) (1024K)]
  0x00000271b1fdb890 JavaThread "RMI RenewClean-[127.0.0.1:17953,org.jetbrains.kotlin.daemon.common.LoopbackNetworkInterface$ClientLoopbackSocketFactory@56748689]" daemon [_thread_blocked, id=46216, stack(0x000000fe60800000,0x000000fe60900000) (1024K)]
  0x00000271b1fdd2d0 JavaThread "RMI TCP Connection(13)-127.0.0.1" daemon [_thread_in_native, id=44476, stack(0x000000fe60900000,0x000000fe60a00000) (1024K)]
  0x00000271b1fde680 JavaThread "RMI TCP Connection(14)-127.0.0.1" daemon [_thread_in_native, id=55832, stack(0x000000fe60b00000,0x000000fe60c00000) (1024K)]
  0x00000271b1fe1470 JavaThread "RMI TCP Connection(15)-127.0.0.1" daemon [_thread_in_native, id=68672, stack(0x000000fe60d00000,0x000000fe60e00000) (1024K)]
  0x00000271b1fe0750 JavaThread "RMI TCP Connection(16)-127.0.0.1" daemon [_thread_in_native, id=78916, stack(0x000000fe60e00000,0x000000fe60f00000) (1024K)]
  0x00000271b1fe1b00 JavaThread "RMI RenewClean-[127.0.0.1:17953,org.jetbrains.kotlin.daemon.common.LoopbackNetworkInterface$ClientLoopbackSocketFactory@46b97ffe]" daemon [_thread_blocked, id=40332, stack(0x000000fe5fb00000,0x000000fe5fc00000) (1024K)]
  0x00000271b1fe2190 JavaThread "RMI RenewClean-[127.0.0.1:17953,org.jetbrains.kotlin.daemon.common.LoopbackNetworkInterface$ClientLoopbackSocketFactory@75dca1c2]" daemon [_thread_blocked, id=38140, stack(0x000000fe60f00000,0x000000fe61000000) (1024K)]
  0x00000271b1fdf3a0 JavaThread "RMI TCP Connection(20)-127.0.0.1" daemon [_thread_in_native, id=56360, stack(0x000000fe61000000,0x000000fe61100000) (1024K)]
  0x00000271b1fded10 JavaThread "RMI RenewClean-[127.0.0.1:17953,org.jetbrains.kotlin.daemon.common.LoopbackNetworkInterface$ClientLoopbackSocketFactory@40c52b0]" daemon [_thread_blocked, id=78484, stack(0x000000fe61100000,0x000000fe61200000) (1024K)]
  0x00000271b1fe2820 JavaThread "RMI TCP Connection(21)-127.0.0.1" daemon [_thread_in_native, id=64356, stack(0x000000fe61200000,0x000000fe61300000) (1024K)]
  0x00000271b1fe2eb0 JavaThread "RMI RenewClean-[127.0.0.1:17953,org.jetbrains.kotlin.daemon.common.LoopbackNetworkInterface$ClientLoopbackSocketFactory@3a4dd0b4]" daemon [_thread_blocked, id=66948, stack(0x000000fe61300000,0x000000fe61400000) (1024K)]
  0x00000271b1fdfa30 JavaThread "RMI TCP Connection(22)-127.0.0.1" daemon [_thread_in_native, id=71948, stack(0x000000fe61400000,0x000000fe61500000) (1024K)]
  0x00000271b1fe3540 JavaThread "RMI TCP Connection(23)-127.0.0.1" daemon [_thread_in_native, id=71584, stack(0x000000fe61500000,0x000000fe61600000) (1024K)]
  0x00000271b1fd0df0 JavaThread "RMI RenewClean-[127.0.0.1:17953,org.jetbrains.kotlin.daemon.common.LoopbackNetworkInterface$ClientLoopbackSocketFactory@13e8daf9]" daemon [_thread_blocked, id=76432, stack(0x000000fe5e800000,0x000000fe5e900000) (1024K)]
  0x00000271b1fd4900 JavaThread "RMI TCP Connection(24)-127.0.0.1" daemon [_thread_in_native, id=60768, stack(0x000000fe5ee00000,0x000000fe5ef00000) (1024K)]
  0x00000271ac3a3de0 JavaThread "C2 CompilerThread1"         daemon [_thread_in_native, id=7020, stack(0x000000fe4b400000,0x000000fe4b500000) (1024K)]
  0x00000271ac3a1500 JavaThread "C2 CompilerThread2"         daemon [_thread_in_native, id=56600, stack(0x000000fe5ea00000,0x000000fe5eb00000) (1024K)]
=>0x00000271b2693ad0 JavaThread "C2 CompilerThread3"         daemon [_thread_in_native, id=47672, stack(0x000000fe5ef00000,0x000000fe5f000000) (1024K)]
  0x00000271b2693400 JavaThread "C2 CompilerThread4"         daemon [_thread_in_native, id=63572, stack(0x000000fe5f300000,0x000000fe5f400000) (1024K)]
  0x00000271ffd4db40 JavaThread "C1 CompilerThread1"         daemon [_thread_blocked, id=58084, stack(0x000000fe5ff00000,0x000000fe60000000) (1024K)]
  0x000002719ecd3190 JavaThread "C2 CompilerThread5"         daemon [_thread_in_native, id=30168, stack(0x000000fe60000000,0x000000fe60100000) (1024K)]
  0x000002719ecd3860 JavaThread "C2 CompilerThread6"         daemon [_thread_in_native, id=22048, stack(0x000000fe60a00000,0x000000fe60b00000) (1024K)]
  0x000002719ecd23f0 JavaThread "C2 CompilerThread7"         daemon [_thread_in_native, id=71124, stack(0x000000fe60c00000,0x000000fe60d00000) (1024K)]
Total: 325

Other Threads:
  0x00000271ffa1d8c0 VMThread "VM Thread"                           [id=46040, stack(0x000000fe4be00000,0x000000fe4bf00000) (1024K)]
  0x00000271ffa110a0 WatcherThread "VM Periodic Task Thread"        [id=75748, stack(0x000000fe4bd00000,0x000000fe4be00000) (1024K)]
  0x00000271f8b18bf0 WorkerThread "GC Thread#0"                     [id=68016, stack(0x000000fe4b800000,0x000000fe4b900000) (1024K)]
  0x000002719d48d5c0 WorkerThread "GC Thread#1"                     [id=68844, stack(0x000000fe4cd00000,0x000000fe4ce00000) (1024K)]
  0x000002719d48d970 WorkerThread "GC Thread#2"                     [id=32232, stack(0x000000fe4ce00000,0x000000fe4cf00000) (1024K)]
  0x000002719d48dd20 WorkerThread "GC Thread#3"                     [id=44812, stack(0x000000fe4cf00000,0x000000fe4d000000) (1024K)]
  0x000002719d48e0d0 WorkerThread "GC Thread#4"                     [id=79444, stack(0x000000fe4d000000,0x000000fe4d100000) (1024K)]
  0x000002719d48e480 WorkerThread "GC Thread#5"                     [id=55936, stack(0x000000fe4d100000,0x000000fe4d200000) (1024K)]
  0x000002719d3a2e90 WorkerThread "GC Thread#6"                     [id=31212, stack(0x000000fe4d200000,0x000000fe4d300000) (1024K)]
  0x000002719d3a3240 WorkerThread "GC Thread#7"                     [id=46592, stack(0x000000fe4d300000,0x000000fe4d400000) (1024K)]
  0x000002719d3a35f0 WorkerThread "GC Thread#8"                     [id=83124, stack(0x000000fe4d400000,0x000000fe4d500000) (1024K)]
  0x000002719d3a39a0 WorkerThread "GC Thread#9"                     [id=4900, stack(0x000000fe4d500000,0x000000fe4d600000) (1024K)]
  0x000002719d3a3d50 WorkerThread "GC Thread#10"                    [id=29988, stack(0x000000fe4d600000,0x000000fe4d700000) (1024K)]
  0x000002719d3a4100 WorkerThread "GC Thread#11"                    [id=71388, stack(0x000000fe4d700000,0x000000fe4d800000) (1024K)]
  0x000002719d675b30 WorkerThread "GC Thread#12"                    [id=48900, stack(0x000000fe4e300000,0x000000fe4e400000) (1024K)]
  0x000002719d676290 WorkerThread "GC Thread#13"                    [id=57400, stack(0x000000fe4e400000,0x000000fe4e500000) (1024K)]
  0x000002719d6769f0 WorkerThread "GC Thread#14"                    [id=65528, stack(0x000000fe4e500000,0x000000fe4e600000) (1024K)]
  0x00000271f8b2ab00 ConcurrentGCThread "G1 Main Marker"            [id=73932, stack(0x000000fe4b900000,0x000000fe4ba00000) (1024K)]
  0x00000271f8b2b520 WorkerThread "G1 Conc#0"                       [id=60356, stack(0x000000fe4ba00000,0x000000fe4bb00000) (1024K)]
  0x000002719d675ee0 WorkerThread "G1 Conc#1"                       [id=41564, stack(0x000000fe4e600000,0x000000fe4e700000) (1024K)]
  0x000002719f580960 WorkerThread "G1 Conc#2"                       [id=28464, stack(0x000000fe4e700000,0x000000fe4e800000) (1024K)]
  0x000002719f57fe50 WorkerThread "G1 Conc#3"                       [id=71280, stack(0x000000fe4e800000,0x000000fe4e900000) (1024K)]
  0x00000271fe981cd0 ConcurrentGCThread "G1 Refine#0"               [id=76608, stack(0x000000fe4bb00000,0x000000fe4bc00000) (1024K)]
  0x00000271fe982760 ConcurrentGCThread "G1 Service"                [id=36796, stack(0x000000fe4bc00000,0x000000fe4bd00000) (1024K)]
Total: 24

Threads with active compile tasks:
C2 CompilerThread0  96647 34814   !   4       org.jetbrains.kotlin.metadata.ProtoBuf$Function::<init> (1811 bytes)
C2 CompilerThread1  96647 34959       4       java.io.DataOutputStream::writeBoolean (22 bytes)
C2 CompilerThread2  96647 34967 %     4       java.util.regex.Pattern$BnM::optimize @ 66 (179 bytes)
C2 CompilerThread3  96647 34852   !   4       org.jetbrains.kotlin.metadata.ProtoBuf$Type::<init> (976 bytes)
C2 CompilerThread4  96647 34948       4       kotlin.io.FilesKt__FilePathComponentsKt::toComponents (231 bytes)
C2 CompilerThread5  96647 34918   !   4       org.jetbrains.kotlin.metadata.jvm.JvmProtoBuf$StringTableTypes::<init> (495 bytes)
C2 CompilerThread6  96647 34818       4       org.jetbrains.org.objectweb.asm.ClassReader::accept (1401 bytes)
C2 CompilerThread7  96647 34947       4       kotlin.text.StringsKt__StringsKt::split$StringsKt__StringsKt (161 bytes)
Total: 8

VM state: not at safepoint (normal execution)

VM Mutex/Monitor currently owned by a thread:  ([mutex/lock_event])
[0x00007ffc0a1170d0] MethodCompileQueue_lock - owner thread: 0x00000271ac3a3de0
[0x00007ffc0a1185d0] CodeCache_lock - owner thread: 0x00000271ac3a3de0
[0x00007ffc0a118750] Compile_lock - owner thread: 0x00000271ac3a3de0

Heap address: 0x0000000600000000, size: 8192 MB, Compressed Oops mode: Zero based, Oop shift amount: 3

CDS archive(s) not mapped
Compressed class space mapped at: 0x0000000800000000-0x0000000840000000, reserved size: 1073741824
Narrow klass base: 0x0000000800000000, Narrow klass shift: 0, Narrow klass range: 0x40000000

GC Precious Log:
 CardTable entry size: 512
 Card Set container configuration: InlinePtr #cards 4 size 8 Array Of Cards #cards 32 size 80 Howl #buckets 8 coarsen threshold 7372 Howl Bitmap #cards 1024 size 144 coarsen threshold 921 Card regions per heap region 1 cards per card region 8192
 CPUs: 20 total, 20 available
 Memory: 32509M
 Large Page Support: Disabled
 NUMA Support: Disabled
 Compressed Oops: Enabled (Zero based)
 Heap Region Size: 4M
 Heap Min Capacity: 8M
 Heap Initial Capacity: 508M
 Heap Max Capacity: 8G
 Pre-touch: Disabled
 Parallel Workers: 15
 Concurrent Workers: 4
 Concurrent Refinement Workers: 15
 Periodic GC: Disabled

Heap:
 garbage-first heap   total 712704K, used 624316K [0x0000000600000000, 0x0000000800000000)
  region size 4096K, 56 young (229376K), 6 survivors (24576K)
 Metaspace       used 184528K, committed 187648K, reserved 1245184K
  class space    used 25477K, committed 26880K, reserved 1048576K

Heap Regions: E=young(eden), S=young(survivor), O=old, HS=humongous(starts), HC=humongous(continues), CS=collection set, F=free, TAMS=top-at-mark-start, PB=parsable bottom
|   0|0x0000000600000000, 0x0000000600400000, 0x0000000600400000|100%|HS|  |TAMS 0x0000000600000000| PB 0x0000000600000000| Complete 
|   1|0x0000000600400000, 0x0000000600800000, 0x0000000600800000|100%| O|  |TAMS 0x0000000600400000| PB 0x0000000600400000| Untracked 
|   2|0x0000000600800000, 0x0000000600c00000, 0x0000000600c00000|100%| O|  |TAMS 0x0000000600800000| PB 0x0000000600800000| Untracked 
|   3|0x0000000600c00000, 0x0000000601000000, 0x0000000601000000|100%| O|  |TAMS 0x0000000600c00000| PB 0x0000000600c00000| Untracked 
|   4|0x0000000601000000, 0x0000000601400000, 0x0000000601400000|100%| O|  |TAMS 0x0000000601000000| PB 0x0000000601000000| Untracked 
|   5|0x0000000601400000, 0x0000000601800000, 0x0000000601800000|100%| O|  |TAMS 0x0000000601400000| PB 0x0000000601400000| Untracked 
|   6|0x0000000601800000, 0x0000000601c00000, 0x0000000601c00000|100%| O|  |TAMS 0x0000000601800000| PB 0x0000000601800000| Untracked 
|   7|0x0000000601c00000, 0x0000000602000000, 0x0000000602000000|100%| O|  |TAMS 0x0000000601c00000| PB 0x0000000601c00000| Untracked 
|   8|0x0000000602000000, 0x0000000602400000, 0x0000000602400000|100%| O|  |TAMS 0x0000000602000000| PB 0x0000000602000000| Untracked 
|   9|0x0000000602400000, 0x0000000602800000, 0x0000000602800000|100%| O|  |TAMS 0x0000000602400000| PB 0x0000000602400000| Untracked 
|  10|0x0000000602800000, 0x0000000602c00000, 0x0000000602c00000|100%| O|  |TAMS 0x0000000602800000| PB 0x0000000602800000| Untracked 
|  11|0x0000000602c00000, 0x0000000603000000, 0x0000000603000000|100%| O|  |TAMS 0x0000000602c00000| PB 0x0000000602c00000| Untracked 
|  12|0x0000000603000000, 0x0000000603400000, 0x0000000603400000|100%| O|  |TAMS 0x0000000603000000| PB 0x0000000603000000| Untracked 
|  13|0x0000000603400000, 0x0000000603800000, 0x0000000603800000|100%| O|  |TAMS 0x0000000603400000| PB 0x0000000603400000| Untracked 
|  14|0x0000000603800000, 0x0000000603c00000, 0x0000000603c00000|100%| O|  |TAMS 0x0000000603800000| PB 0x0000000603800000| Untracked 
|  15|0x0000000603c00000, 0x0000000604000000, 0x0000000604000000|100%| O|  |TAMS 0x0000000603c00000| PB 0x0000000603c00000| Untracked 
|  16|0x0000000604000000, 0x0000000604400000, 0x0000000604400000|100%| O|  |TAMS 0x0000000604000000| PB 0x0000000604000000| Untracked 
|  17|0x0000000604400000, 0x0000000604800000, 0x0000000604800000|100%| O|  |TAMS 0x0000000604400000| PB 0x0000000604400000| Untracked 
|  18|0x0000000604800000, 0x0000000604c00000, 0x0000000604c00000|100%| O|  |TAMS 0x0000000604800000| PB 0x0000000604800000| Untracked 
|  19|0x0000000604c00000, 0x0000000605000000, 0x0000000605000000|100%| O|  |TAMS 0x0000000604c00000| PB 0x0000000604c00000| Untracked 
|  20|0x0000000605000000, 0x0000000605400000, 0x0000000605400000|100%| O|  |TAMS 0x0000000605000000| PB 0x0000000605000000| Untracked 
|  21|0x0000000605400000, 0x0000000605800000, 0x0000000605800000|100%| O|  |TAMS 0x0000000605400000| PB 0x0000000605400000| Untracked 
|  22|0x0000000605800000, 0x0000000605c00000, 0x0000000605c00000|100%| O|  |TAMS 0x0000000605800000| PB 0x0000000605800000| Untracked 
|  23|0x0000000605c00000, 0x0000000606000000, 0x0000000606000000|100%| O|  |TAMS 0x0000000605c00000| PB 0x0000000605c00000| Untracked 
|  24|0x0000000606000000, 0x0000000606400000, 0x0000000606400000|100%| O|  |TAMS 0x0000000606000000| PB 0x0000000606000000| Untracked 
|  25|0x0000000606400000, 0x0000000606800000, 0x0000000606800000|100%| O|  |TAMS 0x0000000606400000| PB 0x0000000606400000| Untracked 
|  26|0x0000000606800000, 0x0000000606c00000, 0x0000000606c00000|100%| O|  |TAMS 0x0000000606800000| PB 0x0000000606800000| Untracked 
|  27|0x0000000606c00000, 0x0000000607000000, 0x0000000607000000|100%| O|  |TAMS 0x0000000606c00000| PB 0x0000000606c00000| Untracked 
|  28|0x0000000607000000, 0x0000000607400000, 0x0000000607400000|100%| O|  |TAMS 0x0000000607000000| PB 0x0000000607000000| Untracked 
|  29|0x0000000607400000, 0x0000000607800000, 0x0000000607800000|100%| O|  |TAMS 0x0000000607400000| PB 0x0000000607400000| Untracked 
|  30|0x0000000607800000, 0x0000000607c00000, 0x0000000607c00000|100%| O|  |TAMS 0x0000000607800000| PB 0x0000000607800000| Untracked 
|  31|0x0000000607c00000, 0x0000000608000000, 0x0000000608000000|100%| O|  |TAMS 0x0000000607c00000| PB 0x0000000607c00000| Untracked 
|  32|0x0000000608000000, 0x0000000608400000, 0x0000000608400000|100%| O|  |TAMS 0x0000000608000000| PB 0x0000000608000000| Untracked 
|  33|0x0000000608400000, 0x0000000608800000, 0x0000000608800000|100%| O|  |TAMS 0x0000000608400000| PB 0x0000000608400000| Untracked 
|  34|0x0000000608800000, 0x0000000608c00000, 0x0000000608c00000|100%| O|  |TAMS 0x0000000608800000| PB 0x0000000608800000| Untracked 
|  35|0x0000000608c00000, 0x0000000609000000, 0x0000000609000000|100%| O|  |TAMS 0x0000000608c00000| PB 0x0000000608c00000| Untracked 
|  36|0x0000000609000000, 0x0000000609400000, 0x0000000609400000|100%| O|  |TAMS 0x0000000609000000| PB 0x0000000609000000| Untracked 
|  37|0x0000000609400000, 0x0000000609800000, 0x0000000609800000|100%| O|  |TAMS 0x0000000609400000| PB 0x0000000609400000| Untracked 
|  38|0x0000000609800000, 0x0000000609c00000, 0x0000000609c00000|100%| O|  |TAMS 0x0000000609800000| PB 0x0000000609800000| Untracked 
|  39|0x0000000609c00000, 0x000000060a000000, 0x000000060a000000|100%| O|  |TAMS 0x0000000609c00000| PB 0x0000000609c00000| Untracked 
|  40|0x000000060a000000, 0x000000060a400000, 0x000000060a400000|100%| O|  |TAMS 0x000000060a000000| PB 0x000000060a000000| Untracked 
|  41|0x000000060a400000, 0x000000060a800000, 0x000000060a800000|100%| O|  |TAMS 0x000000060a400000| PB 0x000000060a400000| Untracked 
|  42|0x000000060a800000, 0x000000060ac00000, 0x000000060ac00000|100%| O|  |TAMS 0x000000060a800000| PB 0x000000060a800000| Untracked 
|  43|0x000000060ac00000, 0x000000060b000000, 0x000000060b000000|100%| O|  |TAMS 0x000000060ac00000| PB 0x000000060ac00000| Untracked 
|  44|0x000000060b000000, 0x000000060b400000, 0x000000060b400000|100%| O|  |TAMS 0x000000060b000000| PB 0x000000060b000000| Untracked 
|  45|0x000000060b400000, 0x000000060b800000, 0x000000060b800000|100%| O|  |TAMS 0x000000060b400000| PB 0x000000060b400000| Untracked 
|  46|0x000000060b800000, 0x000000060bc00000, 0x000000060bc00000|100%| O|  |TAMS 0x000000060b800000| PB 0x000000060b800000| Untracked 
|  47|0x000000060bc00000, 0x000000060c000000, 0x000000060c000000|100%| O|  |TAMS 0x000000060bc00000| PB 0x000000060bc00000| Untracked 
|  48|0x000000060c000000, 0x000000060c400000, 0x000000060c400000|100%| O|  |TAMS 0x000000060c000000| PB 0x000000060c000000| Untracked 
|  49|0x000000060c400000, 0x000000060c800000, 0x000000060c800000|100%| O|  |TAMS 0x000000060c400000| PB 0x000000060c400000| Untracked 
|  50|0x000000060c800000, 0x000000060cc00000, 0x000000060cc00000|100%| O|  |TAMS 0x000000060c800000| PB 0x000000060c800000| Untracked 
|  51|0x000000060cc00000, 0x000000060d000000, 0x000000060d000000|100%| O|  |TAMS 0x000000060cc00000| PB 0x000000060cc00000| Untracked 
|  52|0x000000060d000000, 0x000000060d400000, 0x000000060d400000|100%| O|  |TAMS 0x000000060d000000| PB 0x000000060d000000| Untracked 
|  53|0x000000060d400000, 0x000000060d800000, 0x000000060d800000|100%| O|  |TAMS 0x000000060d400000| PB 0x000000060d400000| Untracked 
|  54|0x000000060d800000, 0x000000060dc00000, 0x000000060dc00000|100%| O|  |TAMS 0x000000060d800000| PB 0x000000060d800000| Untracked 
|  55|0x000000060dc00000, 0x000000060e000000, 0x000000060e000000|100%| O|  |TAMS 0x000000060dc00000| PB 0x000000060dc00000| Untracked 
|  56|0x000000060e000000, 0x000000060e400000, 0x000000060e400000|100%| O|  |TAMS 0x000000060e000000| PB 0x000000060e000000| Untracked 
|  57|0x000000060e400000, 0x000000060e800000, 0x000000060e800000|100%| O|  |TAMS 0x000000060e400000| PB 0x000000060e400000| Untracked 
|  58|0x000000060e800000, 0x000000060ec00000, 0x000000060ec00000|100%| O|  |TAMS 0x000000060e800000| PB 0x000000060e800000| Untracked 
|  59|0x000000060ec00000, 0x000000060f000000, 0x000000060f000000|100%| O|  |TAMS 0x000000060ec00000| PB 0x000000060ec00000| Untracked 
|  60|0x000000060f000000, 0x000000060f400000, 0x000000060f400000|100%| O|  |TAMS 0x000000060f000000| PB 0x000000060f000000| Untracked 
|  61|0x000000060f400000, 0x000000060f800000, 0x000000060f800000|100%| O|  |TAMS 0x000000060f400000| PB 0x000000060f400000| Untracked 
|  62|0x000000060f800000, 0x000000060fc00000, 0x000000060fc00000|100%| O|  |TAMS 0x000000060f800000| PB 0x000000060f800000| Untracked 
|  63|0x000000060fc00000, 0x0000000610000000, 0x0000000610000000|100%| O|Cm|TAMS 0x000000060fc00000| PB 0x000000060fc00000| Complete 
|  64|0x0000000610000000, 0x0000000610400000, 0x0000000610400000|100%| O|  |TAMS 0x0000000610000000| PB 0x0000000610000000| Untracked 
|  65|0x0000000610400000, 0x0000000610800000, 0x0000000610800000|100%| O|Cm|TAMS 0x0000000610400000| PB 0x0000000610400000| Complete 
|  66|0x0000000610800000, 0x0000000610c00000, 0x0000000610c00000|100%| O|  |TAMS 0x0000000610800000| PB 0x0000000610800000| Untracked 
|  67|0x0000000610c00000, 0x0000000611000000, 0x0000000611000000|100%| O|  |TAMS 0x0000000610c00000| PB 0x0000000610c00000| Untracked 
|  68|0x0000000611000000, 0x0000000611400000, 0x0000000611400000|100%| O|Cm|TAMS 0x0000000611000000| PB 0x0000000611000000| Complete 
|  69|0x0000000611400000, 0x0000000611800000, 0x0000000611800000|100%| O|  |TAMS 0x0000000611400000| PB 0x0000000611400000| Untracked 
|  70|0x0000000611800000, 0x0000000611c00000, 0x0000000611c00000|100%| O|  |TAMS 0x0000000611800000| PB 0x0000000611800000| Untracked 
|  71|0x0000000611c00000, 0x0000000612000000, 0x0000000612000000|100%| O|  |TAMS 0x0000000611c00000| PB 0x0000000611c00000| Untracked 
|  72|0x0000000612000000, 0x0000000612400000, 0x0000000612400000|100%| O|Cm|TAMS 0x0000000612000000| PB 0x0000000612000000| Complete 
|  73|0x0000000612400000, 0x0000000612800000, 0x0000000612800000|100%| O|  |TAMS 0x0000000612400000| PB 0x0000000612400000| Untracked 
|  74|0x0000000612800000, 0x0000000612c00000, 0x0000000612c00000|100%| O|  |TAMS 0x0000000612800000| PB 0x0000000612800000| Untracked 
|  75|0x0000000612c00000, 0x0000000613000000, 0x0000000613000000|100%| O|  |TAMS 0x0000000612c00000| PB 0x0000000612c00000| Untracked 
|  76|0x0000000613000000, 0x0000000613400000, 0x0000000613400000|100%| O|  |TAMS 0x0000000613000000| PB 0x0000000613000000| Untracked 
|  77|0x0000000613400000, 0x0000000613800000, 0x0000000613800000|100%| O|  |TAMS 0x0000000613400000| PB 0x0000000613400000| Untracked 
|  78|0x0000000613800000, 0x0000000613c00000, 0x0000000613c00000|100%| O|  |TAMS 0x0000000613800000| PB 0x0000000613800000| Untracked 
|  79|0x0000000613c00000, 0x0000000614000000, 0x0000000614000000|100%| O|  |TAMS 0x0000000613c00000| PB 0x0000000613c00000| Untracked 
|  80|0x0000000614000000, 0x00000006143846e8, 0x0000000614400000| 87%| O|  |TAMS 0x0000000614000000| PB 0x0000000614000000| Untracked 
|  81|0x0000000614400000, 0x0000000614800000, 0x0000000614800000|100%| O|  |TAMS 0x0000000614400000| PB 0x0000000614400000| Untracked 
|  82|0x0000000614800000, 0x0000000614c00000, 0x0000000614c00000|100%| O|Cm|TAMS 0x0000000614800000| PB 0x0000000614800000| Complete 
|  83|0x0000000614c00000, 0x0000000614c00000, 0x0000000615000000|  0%| F|  |TAMS 0x0000000614c00000| PB 0x0000000614c00000| Untracked 
|  84|0x0000000615000000, 0x0000000615000000, 0x0000000615400000|  0%| F|  |TAMS 0x0000000615000000| PB 0x0000000615000000| Untracked 
|  85|0x0000000615400000, 0x0000000615800000, 0x0000000615800000|100%| O|  |TAMS 0x0000000615400000| PB 0x0000000615400000| Untracked 
|  86|0x0000000615800000, 0x0000000615c00000, 0x0000000615c00000|100%| O|  |TAMS 0x0000000615800000| PB 0x0000000615800000| Untracked 
|  87|0x0000000615c00000, 0x0000000616000000, 0x0000000616000000|100%| O|  |TAMS 0x0000000615c00000| PB 0x0000000615c00000| Untracked 
|  88|0x0000000616000000, 0x0000000616400000, 0x0000000616400000|100%| O|  |TAMS 0x0000000616000000| PB 0x0000000616000000| Untracked 
|  89|0x0000000616400000, 0x0000000616800000, 0x0000000616800000|100%| O|  |TAMS 0x0000000616400000| PB 0x0000000616400000| Untracked 
|  90|0x0000000616800000, 0x0000000616800000, 0x0000000616c00000|  0%| F|  |TAMS 0x0000000616800000| PB 0x0000000616800000| Untracked 
|  91|0x0000000616c00000, 0x0000000617000000, 0x0000000617000000|100%| O|  |TAMS 0x0000000616c00000| PB 0x0000000616c00000| Untracked 
|  92|0x0000000617000000, 0x0000000617000000, 0x0000000617400000|  0%| F|  |TAMS 0x0000000617000000| PB 0x0000000617000000| Untracked 
|  93|0x0000000617400000, 0x0000000617800000, 0x0000000617800000|100%| O|  |TAMS 0x0000000617400000| PB 0x0000000617400000| Untracked 
|  94|0x0000000617800000, 0x0000000617c00000, 0x0000000617c00000|100%|HS|  |TAMS 0x0000000617800000| PB 0x0000000617800000| Complete 
|  95|0x0000000617c00000, 0x0000000618000000, 0x0000000618000000|100%| O|  |TAMS 0x0000000617c00000| PB 0x0000000617c00000| Untracked 
|  96|0x0000000618000000, 0x0000000618400000, 0x0000000618400000|100%| O|  |TAMS 0x0000000618000000| PB 0x0000000618000000| Untracked 
|  97|0x0000000618400000, 0x0000000618800000, 0x0000000618800000|100%| O|  |TAMS 0x0000000618400000| PB 0x0000000618400000| Untracked 
|  98|0x0000000618800000, 0x0000000618c00000, 0x0000000618c00000|100%| O|  |TAMS 0x0000000618800000| PB 0x0000000618800000| Untracked 
|  99|0x0000000618c00000, 0x0000000619000000, 0x0000000619000000|100%| O|  |TAMS 0x0000000618c00000| PB 0x0000000618c00000| Untracked 
| 100|0x0000000619000000, 0x0000000619400000, 0x0000000619400000|100%| O|  |TAMS 0x0000000619000000| PB 0x0000000619000000| Untracked 
| 101|0x0000000619400000, 0x0000000619400000, 0x0000000619800000|  0%| F|  |TAMS 0x0000000619400000| PB 0x0000000619400000| Untracked 
| 102|0x0000000619800000, 0x0000000619800000, 0x0000000619c00000|  0%| F|  |TAMS 0x0000000619800000| PB 0x0000000619800000| Untracked 
| 103|0x0000000619c00000, 0x0000000619c00000, 0x000000061a000000|  0%| F|  |TAMS 0x0000000619c00000| PB 0x0000000619c00000| Untracked 
| 104|0x000000061a000000, 0x000000061a000000, 0x000000061a400000|  0%| F|  |TAMS 0x000000061a000000| PB 0x000000061a000000| Untracked 
| 105|0x000000061a400000, 0x000000061a400000, 0x000000061a800000|  0%| F|  |TAMS 0x000000061a400000| PB 0x000000061a400000| Untracked 
| 106|0x000000061a800000, 0x000000061a800000, 0x000000061ac00000|  0%| F|  |TAMS 0x000000061a800000| PB 0x000000061a800000| Untracked 
| 107|0x000000061ac00000, 0x000000061ae2a950, 0x000000061b000000| 54%| S|CS|TAMS 0x000000061ac00000| PB 0x000000061ac00000| Complete 
| 108|0x000000061b000000, 0x000000061b400000, 0x000000061b400000|100%| S|CS|TAMS 0x000000061b000000| PB 0x000000061b000000| Complete 
| 109|0x000000061b400000, 0x000000061b400000, 0x000000061b800000|  0%| F|  |TAMS 0x000000061b400000| PB 0x000000061b400000| Untracked 
| 110|0x000000061b800000, 0x000000061bc00000, 0x000000061bc00000|100%| S|CS|TAMS 0x000000061b800000| PB 0x000000061b800000| Complete 
| 111|0x000000061bc00000, 0x000000061c000000, 0x000000061c000000|100%| S|CS|TAMS 0x000000061bc00000| PB 0x000000061bc00000| Complete 
| 112|0x000000061c000000, 0x000000061c400000, 0x000000061c400000|100%| S|CS|TAMS 0x000000061c000000| PB 0x000000061c000000| Complete 
| 113|0x000000061c400000, 0x000000061c800000, 0x000000061c800000|100%| S|CS|TAMS 0x000000061c400000| PB 0x000000061c400000| Complete 
| 114|0x000000061c800000, 0x000000061c800000, 0x000000061cc00000|  0%| F|  |TAMS 0x000000061c800000| PB 0x000000061c800000| Untracked 
| 115|0x000000061cc00000, 0x000000061cc00000, 0x000000061d000000|  0%| F|  |TAMS 0x000000061cc00000| PB 0x000000061cc00000| Untracked 
| 116|0x000000061d000000, 0x000000061d000000, 0x000000061d400000|  0%| F|  |TAMS 0x000000061d000000| PB 0x000000061d000000| Untracked 
| 117|0x000000061d400000, 0x000000061d400000, 0x000000061d800000|  0%| F|  |TAMS 0x000000061d400000| PB 0x000000061d400000| Untracked 
| 118|0x000000061d800000, 0x000000061d800000, 0x000000061dc00000|  0%| F|  |TAMS 0x000000061d800000| PB 0x000000061d800000| Untracked 
| 119|0x000000061dc00000, 0x000000061dc00000, 0x000000061e000000|  0%| F|  |TAMS 0x000000061dc00000| PB 0x000000061dc00000| Untracked 
| 120|0x000000061e000000, 0x000000061e000000, 0x000000061e400000|  0%| F|  |TAMS 0x000000061e000000| PB 0x000000061e000000| Untracked 
| 121|0x000000061e400000, 0x000000061e400000, 0x000000061e800000|  0%| F|  |TAMS 0x000000061e400000| PB 0x000000061e400000| Untracked 
| 122|0x000000061e800000, 0x000000061e8723d8, 0x000000061ec00000| 11%| E|  |TAMS 0x000000061e800000| PB 0x000000061e800000| Complete 
| 123|0x000000061ec00000, 0x000000061f000000, 0x000000061f000000|100%| E|CS|TAMS 0x000000061ec00000| PB 0x000000061ec00000| Complete 
| 124|0x000000061f000000, 0x000000061f400000, 0x000000061f400000|100%| E|CS|TAMS 0x000000061f000000| PB 0x000000061f000000| Complete 
| 125|0x000000061f400000, 0x000000061f800000, 0x000000061f800000|100%| E|CS|TAMS 0x000000061f400000| PB 0x000000061f400000| Complete 
| 126|0x000000061f800000, 0x000000061fc00000, 0x000000061fc00000|100%| E|CS|TAMS 0x000000061f800000| PB 0x000000061f800000| Complete 
| 127|0x000000061fc00000, 0x0000000620000000, 0x0000000620000000|100%| E|CS|TAMS 0x000000061fc00000| PB 0x000000061fc00000| Complete 
| 128|0x0000000620000000, 0x0000000620400000, 0x0000000620400000|100%| E|CS|TAMS 0x0000000620000000| PB 0x0000000620000000| Complete 
| 129|0x0000000620400000, 0x0000000620800000, 0x0000000620800000|100%| E|CS|TAMS 0x0000000620400000| PB 0x0000000620400000| Complete 
| 130|0x0000000620800000, 0x0000000620c00000, 0x0000000620c00000|100%| E|  |TAMS 0x0000000620800000| PB 0x0000000620800000| Complete 
| 131|0x0000000620c00000, 0x0000000621000000, 0x0000000621000000|100%| E|CS|TAMS 0x0000000620c00000| PB 0x0000000620c00000| Complete 
| 132|0x0000000621000000, 0x0000000621400000, 0x0000000621400000|100%| E|CS|TAMS 0x0000000621000000| PB 0x0000000621000000| Complete 
| 133|0x0000000621400000, 0x0000000621800000, 0x0000000621800000|100%| E|CS|TAMS 0x0000000621400000| PB 0x0000000621400000| Complete 
| 134|0x0000000621800000, 0x0000000621c00000, 0x0000000621c00000|100%| E|CS|TAMS 0x0000000621800000| PB 0x0000000621800000| Complete 
| 135|0x0000000621c00000, 0x0000000622000000, 0x0000000622000000|100%| E|CS|TAMS 0x0000000621c00000| PB 0x0000000621c00000| Complete 
| 136|0x0000000622000000, 0x0000000622400000, 0x0000000622400000|100%| E|CS|TAMS 0x0000000622000000| PB 0x0000000622000000| Complete 
| 137|0x0000000622400000, 0x0000000622800000, 0x0000000622800000|100%| E|CS|TAMS 0x0000000622400000| PB 0x0000000622400000| Complete 
| 138|0x0000000622800000, 0x0000000622c00000, 0x0000000622c00000|100%| E|CS|TAMS 0x0000000622800000| PB 0x0000000622800000| Complete 
| 139|0x0000000622c00000, 0x0000000623000000, 0x0000000623000000|100%| E|CS|TAMS 0x0000000622c00000| PB 0x0000000622c00000| Complete 
| 140|0x0000000623000000, 0x0000000623400000, 0x0000000623400000|100%| E|CS|TAMS 0x0000000623000000| PB 0x0000000623000000| Complete 
| 141|0x0000000623400000, 0x0000000623800000, 0x0000000623800000|100%| E|CS|TAMS 0x0000000623400000| PB 0x0000000623400000| Complete 
| 142|0x0000000623800000, 0x0000000623c00000, 0x0000000623c00000|100%| E|CS|TAMS 0x0000000623800000| PB 0x0000000623800000| Complete 
| 143|0x0000000623c00000, 0x0000000624000000, 0x0000000624000000|100%| E|CS|TAMS 0x0000000623c00000| PB 0x0000000623c00000| Complete 
| 144|0x0000000624000000, 0x0000000624400000, 0x0000000624400000|100%| E|CS|TAMS 0x0000000624000000| PB 0x0000000624000000| Complete 
| 145|0x0000000624400000, 0x0000000624800000, 0x0000000624800000|100%| E|CS|TAMS 0x0000000624400000| PB 0x0000000624400000| Complete 
| 146|0x0000000624800000, 0x0000000624c00000, 0x0000000624c00000|100%| E|CS|TAMS 0x0000000624800000| PB 0x0000000624800000| Complete 
| 147|0x0000000624c00000, 0x0000000625000000, 0x0000000625000000|100%| E|CS|TAMS 0x0000000624c00000| PB 0x0000000624c00000| Complete 
| 148|0x0000000625000000, 0x0000000625400000, 0x0000000625400000|100%| E|CS|TAMS 0x0000000625000000| PB 0x0000000625000000| Complete 
| 149|0x0000000625400000, 0x0000000625800000, 0x0000000625800000|100%| E|CS|TAMS 0x0000000625400000| PB 0x0000000625400000| Complete 
| 150|0x0000000625800000, 0x0000000625c00000, 0x0000000625c00000|100%| E|CS|TAMS 0x0000000625800000| PB 0x0000000625800000| Complete 
| 151|0x0000000625c00000, 0x0000000626000000, 0x0000000626000000|100%| E|CS|TAMS 0x0000000625c00000| PB 0x0000000625c00000| Complete 
| 152|0x0000000626000000, 0x0000000626400000, 0x0000000626400000|100%| E|CS|TAMS 0x0000000626000000| PB 0x0000000626000000| Complete 
| 153|0x0000000626400000, 0x0000000626800000, 0x0000000626800000|100%| E|CS|TAMS 0x0000000626400000| PB 0x0000000626400000| Complete 
| 154|0x0000000626800000, 0x0000000626c00000, 0x0000000626c00000|100%| E|CS|TAMS 0x0000000626800000| PB 0x0000000626800000| Complete 
| 155|0x0000000626c00000, 0x0000000627000000, 0x0000000627000000|100%| E|CS|TAMS 0x0000000626c00000| PB 0x0000000626c00000| Complete 
| 156|0x0000000627000000, 0x0000000627400000, 0x0000000627400000|100%| E|CS|TAMS 0x0000000627000000| PB 0x0000000627000000| Complete 
| 157|0x0000000627400000, 0x0000000627800000, 0x0000000627800000|100%| E|CS|TAMS 0x0000000627400000| PB 0x0000000627400000| Complete 
| 158|0x0000000627800000, 0x0000000627c00000, 0x0000000627c00000|100%| E|CS|TAMS 0x0000000627800000| PB 0x0000000627800000| Complete 
| 159|0x0000000627c00000, 0x0000000628000000, 0x0000000628000000|100%| E|CS|TAMS 0x0000000627c00000| PB 0x0000000627c00000| Complete 
| 160|0x0000000628000000, 0x0000000628400000, 0x0000000628400000|100%| E|CS|TAMS 0x0000000628000000| PB 0x0000000628000000| Complete 
| 161|0x0000000628400000, 0x0000000628800000, 0x0000000628800000|100%| E|CS|TAMS 0x0000000628400000| PB 0x0000000628400000| Complete 
| 162|0x0000000628800000, 0x0000000628c00000, 0x0000000628c00000|100%| E|CS|TAMS 0x0000000628800000| PB 0x0000000628800000| Complete 
| 163|0x0000000628c00000, 0x0000000629000000, 0x0000000629000000|100%| E|CS|TAMS 0x0000000628c00000| PB 0x0000000628c00000| Complete 
| 164|0x0000000629000000, 0x0000000629400000, 0x0000000629400000|100%| E|CS|TAMS 0x0000000629000000| PB 0x0000000629000000| Complete 
| 165|0x0000000629400000, 0x0000000629800000, 0x0000000629800000|100%| E|CS|TAMS 0x0000000629400000| PB 0x0000000629400000| Complete 
| 166|0x0000000629800000, 0x0000000629c00000, 0x0000000629c00000|100%| E|CS|TAMS 0x0000000629800000| PB 0x0000000629800000| Complete 
| 167|0x0000000629c00000, 0x000000062a000000, 0x000000062a000000|100%| E|CS|TAMS 0x0000000629c00000| PB 0x0000000629c00000| Complete 
| 168|0x000000062a000000, 0x000000062a400000, 0x000000062a400000|100%| E|CS|TAMS 0x000000062a000000| PB 0x000000062a000000| Complete 
| 169|0x000000062a400000, 0x000000062a800000, 0x000000062a800000|100%| E|CS|TAMS 0x000000062a400000| PB 0x000000062a400000| Complete 
| 170|0x000000062a800000, 0x000000062ac00000, 0x000000062ac00000|100%| E|CS|TAMS 0x000000062a800000| PB 0x000000062a800000| Complete 
| 171|0x000000062ac00000, 0x000000062b000000, 0x000000062b000000|100%| E|CS|TAMS 0x000000062ac00000| PB 0x000000062ac00000| Complete 
|2046|0x00000007ff800000, 0x00000007ffc00000, 0x00000007ffc00000|100%| O|  |TAMS 0x00000007ff800000| PB 0x00000007ff800000| Untracked 
|2047|0x00000007ffc00000, 0x0000000800000000, 0x0000000800000000|100%| O|  |TAMS 0x00000007ffc00000| PB 0x00000007ffc00000| Untracked 

Card table byte_map: [0x00000271fd670000,0x00000271fe670000] _byte_map_base: 0x00000271fa670000

Marking Bits: (CMBitMap*) 0x00000271f8b1a220
 Bits: [0x000002718f000000, 0x0000027197000000)

Polling page: 0x00000271f64a0000

Metaspace:

Usage:
  Non-class:    155.32 MB used.
      Class:     24.88 MB used.
       Both:    180.21 MB used.

Virtual space:
  Non-class space:      192.00 MB reserved,     157.00 MB ( 82%) committed,  3 nodes.
      Class space:        1.00 GB reserved,      26.25 MB (  3%) committed,  1 nodes.
             Both:        1.19 GB reserved,     183.25 MB ( 15%) committed. 

Chunk freelists:
   Non-Class:  2.54 MB
       Class:  5.72 MB
        Both:  8.27 MB

MaxMetaspaceSize: unlimited
CompressedClassSpaceSize: 1.00 GB
Initial GC threshold: 21.00 MB
Current GC threshold: 304.62 MB
CDS: off
 - commit_granule_bytes: 65536.
 - commit_granule_words: 8192.
 - virtual_space_node_default_size: 8388608.
 - enlarge_chunks_in_place: 1.
 - use_allocation_guard: 0.


Internal statistics:

num_allocs_failed_limit: 12.
num_arena_births: 5540.
num_arena_deaths: 300.
num_vsnodes_births: 4.
num_vsnodes_deaths: 0.
num_space_committed: 2931.
num_space_uncommitted: 0.
num_chunks_returned_to_freelist: 514.
num_chunks_taken_from_freelist: 14221.
num_chunk_merges: 231.
num_chunk_splits: 9025.
num_chunks_enlarged: 5588.
num_inconsistent_stats: 0.

CodeHeap 'non-profiled nmethods': size=119168Kb used=22023Kb max_used=23001Kb free=97144Kb
 bounds [0x0000027187ba0000, 0x0000027189220000, 0x000002718f000000]
CodeHeap 'profiled nmethods': size=119104Kb used=49558Kb max_used=51592Kb free=69545Kb
 bounds [0x0000027180000000, 0x0000027183280000, 0x0000027187450000]
CodeHeap 'non-nmethods': size=7488Kb used=3466Kb max_used=4693Kb free=4021Kb
 bounds [0x0000027187450000, 0x00000271878f0000, 0x0000027187ba0000]
CodeCache: size=245760Kb, used=75047Kb, max_used=79286Kb, free=170710Kb
 total_blobs=24050, nmethods=22895, adapters=1056, full_count=0
Compilation: enabled, stopped_count=0, restarted_count=0

Compilation events (20 events):
Event: 95.590 Thread 0x00000271ffd4db40 34956       1       org.gradle.internal.work.DefaultConditionalExecutionQueue::access$600 (5 bytes)
Event: 95.591 Thread 0x00000271b3b3af10 nmethod 34955 0x0000027188573990 code [0x0000027188573b20, 0x0000027188573bd0]
Event: 95.591 Thread 0x00000271ffad1f60 nmethod 34954 0x0000027181a86210 code [0x0000027181a863c0, 0x0000027181a86608]
Event: 95.591 Thread 0x00000271ffd4db40 nmethod 34956 0x00000271885f6090 code [0x00000271885f6220, 0x00000271885f62d0]
Event: 95.592 Thread 0x00000271b2693400 nmethod 34867 0x0000027188c83290 code [0x0000027188c83760, 0x0000027188c87610]
Event: 95.592 Thread 0x00000271b2693400 34942       4       org.jetbrains.org.objectweb.asm.ByteVector::putUTF8 (144 bytes)
Event: 95.593 Thread 0x00000271ffad1f60 34957       3       org.jetbrains.kotlin.incremental.classpathDiff.InaccessibleClassSnapshotExternalizer::save (10 bytes)
Event: 95.593 Thread 0x00000271ffd4db40 34958       3       org.jetbrains.kotlin.incremental.classpathDiff.InaccessibleClassSnapshotExternalizer::save (13 bytes)
Event: 95.593 Thread 0x00000271ffd4db40 nmethod 34958 0x0000027181887f10 code [0x00000271818881a0, 0x0000027181888b98]
Event: 95.594 Thread 0x00000271ffad1f60 nmethod 34957 0x0000027181bc0d90 code [0x0000027181bc1040, 0x0000027181bc1ba0]
Event: 95.594 Thread 0x000002719ecd3190 nmethod 34922 0x0000027187c27890 code [0x0000027187c27a80, 0x0000027187c28498]
Event: 95.594 Thread 0x000002719ecd3190 34916       4       org.jetbrains.org.objectweb.asm.ClassReader::readElementValue (1237 bytes)
Event: 95.598 Thread 0x00000271ffad1f60 34960       3       com.google.common.collect.ImmutableCollection$Builder::expandedCapacity (52 bytes)
Event: 95.598 Thread 0x00000271ffad1f60 nmethod 34960 0x0000027180f42890 code [0x0000027180f42a60, 0x0000027180f42db8]
Event: 95.600 Thread 0x00000271b2693400 nmethod 34942 0x000002718817d510 code [0x000002718817d700, 0x000002718817df58]
Event: 95.600 Thread 0x00000271b2693400 34961       4       sun.nio.fs.WindowsPath::hasDotOrDotDot (76 bytes)
Event: 95.604 Thread 0x000002719ecd23f0 nmethod 34866 0x0000027188c7dd10 code [0x0000027188c7e160, 0x0000027188c81410]
Event: 95.604 Thread 0x000002719ecd23f0 34947       4       kotlin.text.StringsKt__StringsKt::split$StringsKt__StringsKt (161 bytes)
Event: 96.293 Thread 0x00000271ffad1f60 34962       1       java.lang.management.DefaultPlatformMBeanProvider$3::mbeanInterfaceNames (5 bytes)
Event: 96.293 Thread 0x00000271ffd4db40 34963       1       java.lang.management.DefaultPlatformMBeanProvider$1::mbeanInterfaceNames (5 bytes)

GC Heap History (20 events):
Event: 34.751 GC heap before
{Heap before GC invocations=63 (full 0):
 garbage-first heap   total 630784K, used 496252K [0x0000000600000000, 0x0000000800000000)
  region size 4096K, 36 young (147456K), 6 survivors (24576K)
 Metaspace       used 157515K, committed 160448K, reserved 1245184K
  class space    used 22317K, committed 23616K, reserved 1048576K
}
Event: 34.759 GC heap after
{Heap after GC invocations=64 (full 0):
 garbage-first heap   total 630784K, used 381813K [0x0000000600000000, 0x0000000800000000)
  region size 4096K, 4 young (16384K), 4 survivors (16384K)
 Metaspace       used 157515K, committed 160448K, reserved 1245184K
  class space    used 22317K, committed 23616K, reserved 1048576K
}
Event: 40.552 GC heap before
{Heap before GC invocations=64 (full 0):
 garbage-first heap   total 630784K, used 553845K [0x0000000600000000, 0x0000000800000000)
  region size 4096K, 47 young (192512K), 4 survivors (16384K)
 Metaspace       used 157949K, committed 160960K, reserved 1245184K
  class space    used 22332K, committed 23680K, reserved 1048576K
}
Event: 40.561 GC heap after
{Heap after GC invocations=65 (full 0):
 garbage-first heap   total 630784K, used 392384K [0x0000000600000000, 0x0000000800000000)
  region size 4096K, 6 young (24576K), 6 survivors (24576K)
 Metaspace       used 157949K, committed 160960K, reserved 1245184K
  class space    used 22332K, committed 23680K, reserved 1048576K
}
Event: 45.922 GC heap before
{Heap before GC invocations=65 (full 0):
 garbage-first heap   total 630784K, used 564416K [0x0000000600000000, 0x0000000800000000)
  region size 4096K, 48 young (196608K), 6 survivors (24576K)
 Metaspace       used 158035K, committed 161024K, reserved 1245184K
  class space    used 22342K, committed 23680K, reserved 1048576K
}
Event: 45.931 GC heap after
{Heap after GC invocations=66 (full 0):
 garbage-first heap   total 630784K, used 401724K [0x0000000600000000, 0x0000000800000000)
  region size 4096K, 3 young (12288K), 3 survivors (12288K)
 Metaspace       used 158035K, committed 161024K, reserved 1245184K
  class space    used 22342K, committed 23680K, reserved 1048576K
}
Event: 55.829 GC heap before
{Heap before GC invocations=67 (full 0):
 garbage-first heap   total 675840K, used 565564K [0x0000000600000000, 0x0000000800000000)
  region size 4096K, 44 young (180224K), 3 survivors (12288K)
 Metaspace       used 160700K, committed 163712K, reserved 1245184K
  class space    used 22571K, committed 23936K, reserved 1048576K
}
Event: 55.835 GC heap after
{Heap after GC invocations=68 (full 0):
 garbage-first heap   total 675840K, used 407790K [0x0000000600000000, 0x0000000800000000)
  region size 4096K, 5 young (20480K), 5 survivors (20480K)
 Metaspace       used 160700K, committed 163712K, reserved 1245184K
  class space    used 22571K, committed 23936K, reserved 1048576K
}
Event: 57.378 GC heap before
{Heap before GC invocations=68 (full 0):
 garbage-first heap   total 675840K, used 612590K [0x0000000600000000, 0x0000000800000000)
  region size 4096K, 55 young (225280K), 5 survivors (20480K)
 Metaspace       used 168271K, committed 171328K, reserved 1245184K
  class space    used 23358K, committed 24768K, reserved 1048576K
}
Event: 57.387 GC heap after
{Heap after GC invocations=69 (full 0):
 garbage-first heap   total 675840K, used 414713K [0x0000000600000000, 0x0000000800000000)
  region size 4096K, 6 young (24576K), 6 survivors (24576K)
 Metaspace       used 168271K, committed 171328K, reserved 1245184K
  class space    used 23358K, committed 24768K, reserved 1048576K
}
Event: 58.242 GC heap before
{Heap before GC invocations=69 (full 0):
 garbage-first heap   total 675840K, used 619513K [0x0000000600000000, 0x0000000800000000)
  region size 4096K, 56 young (229376K), 6 survivors (24576K)
 Metaspace       used 175863K, committed 178880K, reserved 1245184K
  class space    used 24421K, committed 25792K, reserved 1048576K
}
Event: 58.249 GC heap after
{Heap after GC invocations=70 (full 0):
 garbage-first heap   total 675840K, used 418044K [0x0000000600000000, 0x0000000800000000)
  region size 4096K, 5 young (20480K), 5 survivors (20480K)
 Metaspace       used 175863K, committed 178880K, reserved 1245184K
  class space    used 24421K, committed 25792K, reserved 1048576K
}
Event: 59.232 GC heap before
{Heap before GC invocations=71 (full 0):
 garbage-first heap   total 704512K, used 622844K [0x0000000600000000, 0x0000000800000000)
  region size 4096K, 56 young (229376K), 5 survivors (20480K)
 Metaspace       used 181608K, committed 184704K, reserved 1245184K
  class space    used 25142K, committed 26560K, reserved 1048576K
}
Event: 59.237 GC heap after
{Heap after GC invocations=72 (full 0):
 garbage-first heap   total 704512K, used 421121K [0x0000000600000000, 0x0000000800000000)
  region size 4096K, 4 young (16384K), 4 survivors (16384K)
 Metaspace       used 181608K, committed 184704K, reserved 1245184K
  class space    used 25142K, committed 26560K, reserved 1048576K
}
Event: 63.432 GC heap before
{Heap before GC invocations=72 (full 0):
 garbage-first heap   total 704512K, used 650497K [0x0000000600000000, 0x0000000800000000)
  region size 4096K, 61 young (249856K), 4 survivors (16384K)
 Metaspace       used 183647K, committed 186752K, reserved 1245184K
  class space    used 25398K, committed 26816K, reserved 1048576K
}
Event: 63.438 GC heap after
{Heap after GC invocations=73 (full 0):
 garbage-first heap   total 704512K, used 412695K [0x0000000600000000, 0x0000000800000000)
  region size 4096K, 4 young (16384K), 4 survivors (16384K)
 Metaspace       used 183647K, committed 186752K, reserved 1245184K
  class space    used 25398K, committed 26816K, reserved 1048576K
}
Event: 85.557 GC heap before
{Heap before GC invocations=73 (full 0):
 garbage-first heap   total 704512K, used 654359K [0x0000000600000000, 0x0000000800000000)
  region size 4096K, 64 young (262144K), 4 survivors (16384K)
 Metaspace       used 183988K, committed 187008K, reserved 1245184K
  class space    used 25442K, committed 26816K, reserved 1048576K
}
Event: 85.564 GC heap after
{Heap after GC invocations=74 (full 0):
 garbage-first heap   total 704512K, used 421935K [0x0000000600000000, 0x0000000800000000)
  region size 4096K, 6 young (24576K), 6 survivors (24576K)
 Metaspace       used 183988K, committed 187008K, reserved 1245184K
  class space    used 25442K, committed 26816K, reserved 1048576K
}
Event: 89.682 GC heap before
{Heap before GC invocations=75 (full 0):
 garbage-first heap   total 712704K, used 655407K [0x0000000600000000, 0x0000000800000000)
  region size 4096K, 64 young (262144K), 6 survivors (24576K)
 Metaspace       used 184316K, committed 187456K, reserved 1245184K
  class space    used 25455K, committed 26880K, reserved 1048576K
}
Event: 89.691 GC heap after
{Heap after GC invocations=76 (full 0):
 garbage-first heap   total 712704K, used 427708K [0x0000000600000000, 0x0000000800000000)
  region size 4096K, 6 young (24576K), 6 survivors (24576K)
 Metaspace       used 184316K, committed 187456K, reserved 1245184K
  class space    used 25455K, committed 26880K, reserved 1048576K
}

Dll operation events (3 events):
Event: 0.005 Loaded shared library D:\Android\AndroidStudio\jbr\bin\java.dll
Event: 0.009 Loaded shared library D:\Android\AndroidStudio\jbr\bin\zip.dll
Event: 0.457 Loaded shared library D:\Android\AndroidStudio\jbr\bin\verify.dll

Deoptimization events (20 events):
Event: 93.568 Thread 0x00000271aaecab60 DEOPT PACKING pc=0x000002718022c144 sp=0x000000fe5edfdd90
Event: 93.568 Thread 0x00000271aaecab60 DEOPT UNPACKING pc=0x00000271874a4bc2 sp=0x000000fe5edfd1f8 mode 0
Event: 94.574 Thread 0x00000271aaecab60 DEOPT PACKING pc=0x000002718022c144 sp=0x000000fe5edfdb10
Event: 94.574 Thread 0x00000271aaecab60 DEOPT UNPACKING pc=0x00000271874a4bc2 sp=0x000000fe5edfcf78 mode 0
Event: 95.587 Thread 0x00000271aaecab60 DEOPT PACKING pc=0x000002718022c144 sp=0x000000fe5edfdae0
Event: 95.587 Thread 0x00000271aaecab60 DEOPT UNPACKING pc=0x00000271874a4bc2 sp=0x000000fe5edfcf48 mode 0
Event: 95.587 Thread 0x00000271ac395c60 DEOPT PACKING pc=0x0000027181d7b93d sp=0x000000fe59dfc980
Event: 95.587 Thread 0x00000271ac395c60 DEOPT UNPACKING pc=0x00000271874a4bc2 sp=0x000000fe59dfbe00 mode 0
Event: 95.587 Thread 0x00000271a18a8370 Uncommon trap: trap_request=0xffffffde fr.pc=0x0000027188ea02fc relative=0x00000000000000bc
Event: 95.587 Thread 0x00000271a18a8370 Uncommon trap: reason=class_check action=maybe_recompile pc=0x0000027188ea02fc method=org.gradle.fileevents.internal.NativeLogger.log(ILjava/lang/String;)V @ 16 c2
Event: 95.587 Thread 0x00000271a18a8370 DEOPT PACKING pc=0x0000027188ea02fc sp=0x000000fe4effdd40
Event: 95.587 Thread 0x00000271a18a8370 DEOPT UNPACKING pc=0x00000271874a4422 sp=0x000000fe4effdcc8 mode 2
Event: 95.589 Thread 0x00000271a18a9090 Uncommon trap: trap_request=0xffffff45 fr.pc=0x0000027188ca9a5c relative=0x000000000000011c
Event: 95.589 Thread 0x00000271a18a9090 Uncommon trap: reason=unstable_if action=reinterpret pc=0x0000027188ca9a5c method=org.gradle.internal.watch.vfs.impl.FileWatchingFilter.shouldWatchLocation(Ljava/lang/String;)Z @ 14 c2
Event: 95.589 Thread 0x00000271a18a9090 DEOPT PACKING pc=0x0000027188ca9a5c sp=0x000000fe4f0fee40
Event: 95.589 Thread 0x00000271a18a9090 DEOPT UNPACKING pc=0x00000271874a4422 sp=0x000000fe4f0fed88 mode 2
Event: 95.590 Thread 0x00000271a18a9090 Uncommon trap: trap_request=0xffffff45 fr.pc=0x0000027188e9af54 relative=0x00000000000003f4
Event: 95.590 Thread 0x00000271a18a9090 Uncommon trap: reason=unstable_if action=reinterpret pc=0x0000027188e9af54 method=java.util.ArrayDeque$DeqSpliterator.forEachRemaining(Ljava/util/function/Consumer;)V @ 75 c2
Event: 95.590 Thread 0x00000271a18a9090 DEOPT PACKING pc=0x0000027188e9af54 sp=0x000000fe4f0fe2b0
Event: 95.590 Thread 0x00000271a18a9090 DEOPT UNPACKING pc=0x00000271874a4422 sp=0x000000fe4f0fe230 mode 2

Classes loaded (20 events):
Event: 58.545 Loading class java/util/stream/SliceOps
Event: 58.545 Loading class java/util/stream/SliceOps done
Event: 58.545 Loading class java/util/stream/SliceOps$1
Event: 58.545 Loading class java/util/stream/SliceOps$1 done
Event: 58.548 Loading class java/util/stream/SliceOps$1$1
Event: 58.548 Loading class java/util/stream/SliceOps$1$1 done
Event: 58.560 Loading class java/util/PriorityQueue
Event: 58.560 Loading class java/util/PriorityQueue done
Event: 58.611 Loading class java/util/IdentityHashMap$ValueIterator
Event: 58.611 Loading class java/util/IdentityHashMap$ValueIterator done
Event: 59.846 Loading class java/nio/ShortBuffer
Event: 59.847 Loading class java/nio/ShortBuffer done
Event: 59.869 Loading class java/nio/ByteBufferAsShortBufferL
Event: 59.869 Loading class java/nio/ByteBufferAsShortBufferL done
Event: 59.875 Loading class java/util/zip/Adler32
Event: 59.875 Loading class java/util/zip/Adler32 done
Event: 61.506 Loading class java/rmi/server/Unreferenced
Event: 61.507 Loading class java/rmi/server/Unreferenced done
Event: 88.609 Loading class java/util/concurrent/locks/ReentrantReadWriteLock$Sync$HoldCounter
Event: 88.609 Loading class java/util/concurrent/locks/ReentrantReadWriteLock$Sync$HoldCounter done

Classes unloaded (20 events):
Event: 33.124 Thread 0x00000271ffa1d8c0 Unloading class 0x0000000801639000 'java/lang/invoke/LambdaForm$MH+0x0000000801639000'
Event: 33.124 Thread 0x00000271ffa1d8c0 Unloading class 0x0000000801638400 'java/lang/invoke/LambdaForm$MH+0x0000000801638400'
Event: 33.124 Thread 0x00000271ffa1d8c0 Unloading class 0x0000000801638c00 'java/lang/invoke/LambdaForm$MH+0x0000000801638c00'
Event: 33.124 Thread 0x00000271ffa1d8c0 Unloading class 0x0000000801638800 'java/lang/invoke/LambdaForm$MH+0x0000000801638800'
Event: 33.124 Thread 0x00000271ffa1d8c0 Unloading class 0x0000000801638000 'java/lang/invoke/LambdaForm$MH+0x0000000801638000'
Event: 33.124 Thread 0x00000271ffa1d8c0 Unloading class 0x0000000801637c00 'java/lang/invoke/LambdaForm$DMH+0x0000000801637c00'
Event: 33.124 Thread 0x00000271ffa1d8c0 Unloading class 0x0000000801637400 'java/lang/invoke/LambdaForm$DMH+0x0000000801637400'
Event: 33.124 Thread 0x00000271ffa1d8c0 Unloading class 0x0000000801637000 'java/lang/invoke/LambdaForm$DMH+0x0000000801637000'
Event: 33.124 Thread 0x00000271ffa1d8c0 Unloading class 0x0000000801636c00 'java/lang/invoke/LambdaForm$DMH+0x0000000801636c00'
Event: 33.124 Thread 0x00000271ffa1d8c0 Unloading class 0x0000000801637800 'java/lang/invoke/LambdaForm$DMH+0x0000000801637800'
Event: 33.124 Thread 0x00000271ffa1d8c0 Unloading class 0x0000000801636400 'java/lang/invoke/LambdaForm$DMH+0x0000000801636400'
Event: 33.124 Thread 0x00000271ffa1d8c0 Unloading class 0x0000000801636000 'java/lang/invoke/LambdaForm$DMH+0x0000000801636000'
Event: 33.124 Thread 0x00000271ffa1d8c0 Unloading class 0x0000000801636800 'java/lang/invoke/LambdaForm$DMH+0x0000000801636800'
Event: 33.124 Thread 0x00000271ffa1d8c0 Unloading class 0x0000000801635800 'java/lang/invoke/LambdaForm$DMH+0x0000000801635800'
Event: 33.124 Thread 0x00000271ffa1d8c0 Unloading class 0x0000000801635000 'java/lang/invoke/LambdaForm$DMH+0x0000000801635000'
Event: 33.124 Thread 0x00000271ffa1d8c0 Unloading class 0x0000000801635c00 'java/lang/invoke/LambdaForm$DMH+0x0000000801635c00'
Event: 33.124 Thread 0x00000271ffa1d8c0 Unloading class 0x0000000801634800 'java/lang/invoke/LambdaForm$DMH+0x0000000801634800'
Event: 33.124 Thread 0x00000271ffa1d8c0 Unloading class 0x0000000801634c00 'java/lang/invoke/LambdaForm$DMH+0x0000000801634c00'
Event: 33.124 Thread 0x00000271ffa1d8c0 Unloading class 0x0000000801634400 'java/lang/invoke/LambdaForm$DMH+0x0000000801634400'
Event: 33.124 Thread 0x00000271ffa1d8c0 Unloading class 0x0000000801634000 'java/lang/invoke/LambdaForm$DMH+0x0000000801634000'

Classes redefined (0 events):
No events

Internal exceptions (20 events):
Event: 95.013 Thread 0x00000271ac3976a0 Exception <a 'sun/nio/fs/WindowsException'{0x0000000620753f30}> (0x0000000620753f30) 
thrown [s\src\hotspot\share\prims\jni.cpp, line 537]
Event: 95.013 Thread 0x00000271ac3976a0 Exception <a 'sun/nio/fs/WindowsException'{0x0000000620754df0}> (0x0000000620754df0) 
thrown [s\src\hotspot\share\prims\jni.cpp, line 537]
Event: 95.015 Thread 0x00000271ac3976a0 Exception <a 'sun/nio/fs/WindowsException'{0x00000006207b6368}> (0x00000006207b6368) 
thrown [s\src\hotspot\share\prims\jni.cpp, line 537]
Event: 95.015 Thread 0x00000271ac3976a0 Exception <a 'sun/nio/fs/WindowsException'{0x00000006207e1998}> (0x00000006207e1998) 
thrown [s\src\hotspot\share\prims\jni.cpp, line 537]
Event: 95.588 Thread 0x00000271ac3976a0 Exception <a 'sun/nio/fs/WindowsException'{0x00000006207e2db8}> (0x00000006207e2db8) 
thrown [s\src\hotspot\share\prims\jni.cpp, line 537]
Event: 95.589 Thread 0x00000271a0cc2140 Exception <a 'sun/nio/fs/WindowsException'{0x0000000627f53630}> (0x0000000627f53630) 
thrown [s\src\hotspot\share\prims\jni.cpp, line 537]
Event: 95.589 Thread 0x00000271ac3976a0 Exception <a 'sun/nio/fs/WindowsException'{0x000000061f867ae0}> (0x000000061f867ae0) 
thrown [s\src\hotspot\share\prims\jni.cpp, line 537]
Event: 95.589 Thread 0x00000271ac395c60 Exception <a 'sun/nio/fs/WindowsException'{0x000000061f855020}> (0x000000061f855020) 
thrown [s\src\hotspot\share\prims\jni.cpp, line 537]
Event: 95.591 Thread 0x00000271aaebb890 Exception <a 'sun/nio/fs/WindowsException'{0x0000000629e88640}> (0x0000000629e88640) 
thrown [s\src\hotspot\share\prims\jni.cpp, line 537]
Event: 95.591 Thread 0x00000271aaebb890 Exception <a 'sun/nio/fs/WindowsException'{0x0000000629e891c8}> (0x0000000629e891c8) 
thrown [s\src\hotspot\share\prims\jni.cpp, line 537]
Event: 95.591 Thread 0x00000271aaebb890 Exception <a 'sun/nio/fs/WindowsException'{0x0000000629e893c0}> (0x0000000629e893c0) 
thrown [s\src\hotspot\share\prims\jni.cpp, line 537]
Event: 95.591 Thread 0x00000271ac3976a0 Exception <a 'sun/nio/fs/WindowsException'{0x000000061f8ea660}> (0x000000061f8ea660) 
thrown [s\src\hotspot\share\prims\jni.cpp, line 537]
Event: 95.591 Thread 0x00000271ac3976a0 Exception <a 'sun/nio/fs/WindowsException'{0x000000061f8eba80}> (0x000000061f8eba80) 
thrown [s\src\hotspot\share\prims\jni.cpp, line 537]
Event: 95.595 Thread 0x00000271ac3976a0 Exception <a 'sun/nio/fs/WindowsException'{0x000000061f486d28}> (0x000000061f486d28) 
thrown [s\src\hotspot\share\prims\jni.cpp, line 537]
Event: 95.603 Thread 0x00000271ac3976a0 Exception <a 'sun/nio/fs/WindowsException'{0x000000061f7a9170}> (0x000000061f7a9170) 
thrown [s\src\hotspot\share\prims\jni.cpp, line 537]
Event: 95.603 Thread 0x00000271ac3976a0 Exception <a 'sun/nio/fs/WindowsException'{0x000000061f7aa590}> (0x000000061f7aa590) 
thrown [s\src\hotspot\share\prims\jni.cpp, line 537]
Event: 95.604 Thread 0x00000271ac3976a0 Exception <a 'sun/nio/fs/WindowsException'{0x000000061f7dd960}> (0x000000061f7dd960) 
thrown [s\src\hotspot\share\prims\jni.cpp, line 537]
Event: 95.606 Thread 0x00000271ac3976a0 Exception <a 'sun/nio/fs/WindowsException'{0x000000061f06cbc8}> (0x000000061f06cbc8) 
thrown [s\src\hotspot\share\prims\jni.cpp, line 537]
Event: 95.607 Thread 0x00000271ac3976a0 Exception <a 'sun/nio/fs/WindowsException'{0x000000061f06dfe8}> (0x000000061f06dfe8) 
thrown [s\src\hotspot\share\prims\jni.cpp, line 537]
Event: 95.608 Thread 0x00000271ac3976a0 Exception <a 'sun/nio/fs/WindowsException'{0x000000061f0cede0}> (0x000000061f0cede0) 
thrown [s\src\hotspot\share\prims\jni.cpp, line 537]

ZGC Phase Switch (0 events):
No events

VM Operations (20 events):
Event: 85.783 Executing safepoint VM operation: G1PauseCleanup
Event: 85.783 Executing safepoint VM operation: G1PauseCleanup done
Event: 86.784 Executing safepoint VM operation: Cleanup
Event: 86.784 Executing safepoint VM operation: Cleanup done
Event: 87.785 Executing safepoint VM operation: Cleanup
Event: 87.785 Executing safepoint VM operation: Cleanup done
Event: 88.786 Executing safepoint VM operation: Cleanup
Event: 88.787 Executing safepoint VM operation: Cleanup done
Event: 89.682 Executing safepoint VM operation: G1CollectForAllocation (G1 Evacuation Pause)
Event: 89.691 Executing safepoint VM operation: G1CollectForAllocation (G1 Evacuation Pause) done
Event: 91.691 Executing safepoint VM operation: Cleanup
Event: 91.691 Executing safepoint VM operation: Cleanup done
Event: 92.691 Executing safepoint VM operation: Cleanup
Event: 93.392 Executing safepoint VM operation: Cleanup done
Event: 93.416 Executing non-safepoint VM operation: HandshakeAllThreads (Deoptimize)
Event: 93.416 Executing non-safepoint VM operation: HandshakeAllThreads (Deoptimize) done
Event: 94.416 Executing safepoint VM operation: Cleanup
Event: 94.575 Executing safepoint VM operation: Cleanup done
Event: 95.576 Executing safepoint VM operation: Cleanup
Event: 95.587 Executing safepoint VM operation: Cleanup done

Memory protections (0 events):
No events

Nmethod flushes (20 events):
Event: 85.704 Thread 0x00000271ffa1d8c0 flushing  nmethod 0x0000027181e0d010
Event: 85.704 Thread 0x00000271ffa1d8c0 flushing  nmethod 0x0000027181e10910
Event: 85.704 Thread 0x00000271ffa1d8c0 flushing  nmethod 0x0000027181eebe10
Event: 85.704 Thread 0x00000271ffa1d8c0 flushing  nmethod 0x0000027181ef5d90
Event: 85.704 Thread 0x00000271ffa1d8c0 flushing  nmethod 0x0000027181ef6390
Event: 85.704 Thread 0x00000271ffa1d8c0 flushing  nmethod 0x0000027181ff2710
Event: 85.704 Thread 0x00000271ffa1d8c0 flushing  nmethod 0x00000271820a9810
Event: 85.704 Thread 0x00000271ffa1d8c0 flushing  nmethod 0x00000271820ac210
Event: 85.704 Thread 0x00000271ffa1d8c0 flushing  nmethod 0x00000271820acd90
Event: 85.704 Thread 0x00000271ffa1d8c0 flushing  nmethod 0x00000271822fd090
Event: 85.704 Thread 0x00000271ffa1d8c0 flushing  nmethod 0x0000027182305b90
Event: 85.704 Thread 0x00000271ffa1d8c0 flushing  nmethod 0x00000271823fbc10
Event: 85.704 Thread 0x00000271ffa1d8c0 flushing  nmethod 0x0000027182498d90
Event: 85.704 Thread 0x00000271ffa1d8c0 flushing  nmethod 0x000002718263ab90
Event: 85.704 Thread 0x00000271ffa1d8c0 flushing  nmethod 0x000002718287b310
Event: 85.704 Thread 0x00000271ffa1d8c0 flushing  nmethod 0x00000271828fa290
Event: 85.704 Thread 0x00000271ffa1d8c0 flushing  nmethod 0x000002718296df10
Event: 85.704 Thread 0x00000271ffa1d8c0 flushing  nmethod 0x0000027182976690
Event: 85.704 Thread 0x00000271ffa1d8c0 flushing  nmethod 0x0000027182c72310
Event: 85.704 Thread 0x00000271ffa1d8c0 flushing  nmethod 0x0000027182c72710

Events (20 events):
Event: 89.440 Thread 0x00000271ab117520 Thread exited: 0x00000271ab117520
Event: 89.695 Thread 0x00000271b1fdb200 Thread exited: 0x00000271b1fdb200
Event: 89.695 Thread 0x00000271b1fd4900 Thread exited: 0x00000271b1fd4900
Event: 89.695 Thread 0x00000271b1fddff0 Thread exited: 0x00000271b1fddff0
Event: 89.695 Thread 0x00000271b1fd7060 Thread exited: 0x00000271b1fd7060
Event: 89.695 Thread 0x00000271b1fd97c0 Thread exited: 0x00000271b1fd97c0
Event: 90.824 Thread 0x00000271ab116780 Thread added: 0x00000271b3f5e470
Event: 90.830 Thread 0x00000271aaed5600 Thread added: 0x00000271b1fd0df0
Event: 90.858 Thread 0x00000271aaecb880 Thread added: 0x00000271b1fd4900
Event: 91.199 Thread 0x00000271b3f5e470 Thread exited: 0x00000271b3f5e470
Event: 91.354 Thread 0x00000271ab116780 Thread exited: 0x00000271ab116780
Event: 92.361 Thread 0x00000271ffad1f60 Thread added: 0x00000271ac3a3de0
Event: 92.361 Thread 0x00000271ffad1f60 Thread added: 0x00000271ac3a1500
Event: 92.380 Thread 0x00000271ffad1f60 Thread added: 0x00000271b2693ad0
Event: 92.380 Thread 0x00000271ffad1f60 Thread added: 0x00000271b2693400
Event: 92.380 Thread 0x00000271ffad1f60 Thread added: 0x00000271ffd4db40
Event: 93.392 Thread 0x00000271b2693400 Thread added: 0x000002719ecd3190
Event: 93.392 Thread 0x00000271b2693400 Thread added: 0x000002719ecd3860
Event: 93.392 Thread 0x00000271b2693400 Thread added: 0x000002719ecd23f0
Event: 95.586 Thread 0x000002719ecd3190 Thread added: 0x00000271b3b3af10


Dynamic libraries:
0x00007ff60f930000 - 0x00007ff60f93a000 	D:\Android\AndroidStudio\jbr\bin\java.exe
0x00007ffc89da0000 - 0x00007ffc8a006000 	C:\WINDOWS\SYSTEM32\ntdll.dll
0x00007ffc87da0000 - 0x00007ffc87e69000 	C:\WINDOWS\System32\KERNEL32.DLL
0x00007ffc87220000 - 0x00007ffc8761a000 	C:\WINDOWS\System32\KERNELBASE.dll
0x00007ffc87620000 - 0x00007ffc8776c000 	C:\WINDOWS\System32\ucrtbase.dll
0x00007ffc43370000 - 0x00007ffc43388000 	D:\Android\AndroidStudio\jbr\bin\jli.dll
0x00007ffc46150000 - 0x00007ffc4616b000 	D:\Android\AndroidStudio\jbr\bin\VCRUNTIME140.dll
0x00007ffc89b90000 - 0x00007ffc89d57000 	C:\WINDOWS\System32\USER32.dll
0x00007ffc87770000 - 0x00007ffc87797000 	C:\WINDOWS\System32\win32u.dll
0x00007ffc6d920000 - 0x00007ffc6dbb2000 	C:\WINDOWS\WinSxS\amd64_microsoft.windows.common-controls_6595b64144ccf1df_6.0.26100.8521_none_3e08b75ce33403b3\COMCTL32.dll
0x00007ffc883c0000 - 0x00007ffc883eb000 	C:\WINDOWS\System32\GDI32.dll
0x00007ffc87030000 - 0x00007ffc8715b000 	C:\WINDOWS\System32\gdi32full.dll
0x00007ffc882b0000 - 0x00007ffc88359000 	C:\WINDOWS\System32\msvcrt.dll
0x00007ffc877a0000 - 0x00007ffc87843000 	C:\WINDOWS\System32\msvcp_win.dll
0x00007ffc895b0000 - 0x00007ffc895e2000 	C:\WINDOWS\System32\IMM32.DLL
0x00007ffc71a30000 - 0x00007ffc71a3c000 	D:\Android\AndroidStudio\jbr\bin\vcruntime140_1.dll
0x00007ffc72120000 - 0x00007ffc721ad000 	D:\Android\AndroidStudio\jbr\bin\msvcp140.dll
0x00007ffc09560000 - 0x00007ffc0a1f6000 	D:\Android\AndroidStudio\jbr\bin\server\jvm.dll
0x00007ffc889c0000 - 0x00007ffc88a76000 	C:\WINDOWS\System32\ADVAPI32.dll
0x00007ffc89480000 - 0x00007ffc8952a000 	C:\WINDOWS\System32\sechost.dll
0x00007ffc88aa0000 - 0x00007ffc88bb8000 	C:\WINDOWS\System32\RPCRT4.dll
0x00007ffc87d10000 - 0x00007ffc87d90000 	C:\WINDOWS\System32\WS2_32.dll
0x00007ffc86e90000 - 0x00007ffc86eee000 	C:\WINDOWS\SYSTEM32\POWRPROF.dll
0x00007ffc777b0000 - 0x00007ffc777bb000 	C:\WINDOWS\SYSTEM32\VERSION.dll
0x00007ffc7dc40000 - 0x00007ffc7dc76000 	C:\WINDOWS\SYSTEM32\WINMM.dll
0x00007ffc86e70000 - 0x00007ffc86e84000 	C:\WINDOWS\SYSTEM32\UMPDC.dll
0x00007ffc85d80000 - 0x00007ffc85d9b000 	C:\WINDOWS\SYSTEM32\kernel.appcore.dll
0x00007ffc6f0f0000 - 0x00007ffc6f0fa000 	D:\Android\AndroidStudio\jbr\bin\jimage.dll
0x00007ffc6d630000 - 0x00007ffc6d872000 	C:\WINDOWS\SYSTEM32\DBGHELP.DLL
0x00007ffc88630000 - 0x00007ffc889b3000 	C:\WINDOWS\System32\combase.dll
0x00007ffc88550000 - 0x00007ffc88629000 	C:\WINDOWS\System32\OLEAUT32.dll
0x00007ffc6c3c0000 - 0x00007ffc6c3fb000 	C:\WINDOWS\SYSTEM32\dbgcore.DLL
0x00007ffc878e0000 - 0x00007ffc87988000 	C:\WINDOWS\System32\bcryptPrimitives.dll
0x00007ffc6ef60000 - 0x00007ffc6ef6e000 	D:\Android\AndroidStudio\jbr\bin\instrument.dll
0x00007ffc43580000 - 0x00007ffc435a0000 	D:\Android\AndroidStudio\jbr\bin\java.dll
0x00007ffc431a0000 - 0x00007ffc431b8000 	D:\Android\AndroidStudio\jbr\bin\zip.dll
0x00007ffc88c80000 - 0x00007ffc89404000 	C:\WINDOWS\System32\SHELL32.dll
0x00007ffc84b10000 - 0x00007ffc85390000 	C:\WINDOWS\SYSTEM32\windows.storage.dll
0x00007ffc87e80000 - 0x00007ffc87f76000 	C:\WINDOWS\System32\SHCORE.dll
0x00007ffc89410000 - 0x00007ffc89477000 	C:\WINDOWS\System32\shlwapi.dll
0x00007ffc86f50000 - 0x00007ffc86f79000 	C:\WINDOWS\SYSTEM32\profapi.dll
0x00007ffc6e950000 - 0x00007ffc6e960000 	D:\Android\AndroidStudio\jbr\bin\net.dll
0x00007ffc81450000 - 0x00007ffc81579000 	C:\WINDOWS\SYSTEM32\WINHTTP.dll
0x00007ffc862d0000 - 0x00007ffc8633c000 	C:\WINDOWS\system32\mswsock.dll
0x00007ffc42570000 - 0x00007ffc42586000 	D:\Android\AndroidStudio\jbr\bin\nio.dll
0x00007ffc83c10000 - 0x00007ffc83c20000 	D:\Android\AndroidStudio\jbr\bin\verify.dll
0x00007ffc6f070000 - 0x00007ffc6f097000 	C:\Users\p.kazemiyeh\.gradle\native\1def1411415f61bf3af743bc5b6707747c0891f09f0c88961ee8f79bc544acac\windows-amd64\native-platform.dll
0x00007ffc65900000 - 0x00007ffc65978000 	C:\Users\p.kazemiyeh\.gradle\native\0.2.7\x86_64-windows-gnu\gradle-fileevents.dll
0x00007ffc83c00000 - 0x00007ffc83c09000 	D:\Android\AndroidStudio\jbr\bin\management.dll
0x00007ffc81350000 - 0x00007ffc8135b000 	D:\Android\AndroidStudio\jbr\bin\management_ext.dll
0x00007ffc87b60000 - 0x00007ffc87b68000 	C:\WINDOWS\System32\PSAPI.DLL
0x00007ffc854b0000 - 0x00007ffc854e3000 	C:\WINDOWS\SYSTEM32\IPHLPAPI.DLL
0x00007ffc88160000 - 0x00007ffc8816a000 	C:\WINDOWS\System32\NSI.dll
0x00007ffc81340000 - 0x00007ffc81349000 	D:\Android\AndroidStudio\jbr\bin\extnet.dll
0x00007ffc866d0000 - 0x00007ffc866eb000 	C:\WINDOWS\SYSTEM32\CRYPTSP.dll
0x00007ffc85ce0000 - 0x00007ffc85d19000 	C:\WINDOWS\system32\rsaenh.dll
0x00007ffc86380000 - 0x00007ffc863b3000 	C:\WINDOWS\SYSTEM32\USERENV.dll
0x00007ffc86f20000 - 0x00007ffc86f4a000 	C:\WINDOWS\SYSTEM32\bcrypt.dll
0x00007ffc866b0000 - 0x00007ffc866bc000 	C:\WINDOWS\SYSTEM32\CRYPTBASE.dll
0x00007ffc46380000 - 0x00007ffc46388000 	C:\WINDOWS\system32\wshunix.dll
0x00007ffc85530000 - 0x00007ffc8567a000 	C:\WINDOWS\SYSTEM32\DNSAPI.dll
0x00007ffc86110000 - 0x00007ffc8611d000 	C:\WINDOWS\SYSTEM32\DSPARSE.dll
0x00007ffc80380000 - 0x00007ffc8038b000 	C:\Windows\System32\rasadhlp.dll
0x00007ffc81990000 - 0x00007ffc81a16000 	C:\WINDOWS\System32\fwpuclnt.dll
0x00007ffc81ed0000 - 0x00007ffc81ed7000 	D:\Android\AndroidStudio\jbr\bin\rmi.dll
0x00007ffc85ea0000 - 0x00007ffc85ed6000 	C:\WINDOWS\SYSTEM32\ntmarta.dll

JVMTI agents:
C:\Users\p.kazemiyeh\.gradle\wrapper\dists\gradle-8.14.3-all\10utluxaxniiv4wxiphsi49nj\gradle-8.14.3\lib\agents\gradle-instrumentation-agent-8.14.3.jar path:D:\Android\AndroidStudio\jbr\bin\instrument.dll, loaded, initialized, instrumentlib options:none

dbghelp: loaded successfully - version: 4.0.5 - missing functions: none
symbol engine: initialized successfully - sym options: 0x614 - pdb path: .;D:\Android\AndroidStudio\jbr\bin;C:\WINDOWS\SYSTEM32;C:\WINDOWS\WinSxS\amd64_microsoft.windows.common-controls_6595b64144ccf1df_6.0.26100.8521_none_3e08b75ce33403b3;D:\Android\AndroidStudio\jbr\bin\server;C:\Users\p.kazemiyeh\.gradle\native\1def1411415f61bf3af743bc5b6707747c0891f09f0c88961ee8f79bc544acac\windows-amd64;C:\Users\p.kazemiyeh\.gradle\native\0.2.7\x86_64-windows-gnu

VM Arguments:
jvm_args: --add-opens=java.base/java.lang=ALL-UNNAMED --add-opens=java.base/java.lang.invoke=ALL-UNNAMED --add-opens=java.base/java.util=ALL-UNNAMED --add-opens=java.prefs/java.util.prefs=ALL-UNNAMED --add-exports=jdk.compiler/com.sun.tools.javac.api=ALL-UNNAMED --add-exports=jdk.compiler/com.sun.tools.javac.util=ALL-UNNAMED --add-opens=java.base/java.util=ALL-UNNAMED --add-opens=java.prefs/java.util.prefs=ALL-UNNAMED --add-opens=java.base/java.nio.charset=ALL-UNNAMED --add-opens=java.base/java.net=ALL-UNNAMED --add-opens=java.base/java.util.concurrent.atomic=ALL-UNNAMED --add-opens=java.xml/javax.xml.namespace=ALL-UNNAMED -XX:+HeapDumpOnOutOfMemoryError -Xmx8g -Dfile.encoding=UTF-8 -Duser.country=US -Duser.language=en -Duser.variant -javaagent:C:\Users\p.kazemiyeh\.gradle\wrapper\dists\gradle-8.14.3-all\10utluxaxniiv4wxiphsi49nj\gradle-8.14.3\lib\agents\gradle-instrumentation-agent-8.14.3.jar 
java_command: org.gradle.launcher.daemon.bootstrap.GradleDaemon 8.14.3
java_class_path (initial): C:\Users\p.kazemiyeh\.gradle\wrapper\dists\gradle-8.14.3-all\10utluxaxniiv4wxiphsi49nj\gradle-8.14.3\lib\gradle-daemon-main-8.14.3.jar
Launcher Type: SUN_STANDARD

[Global flags]
     intx CICompilerCount                          = 12                                        {product} {ergonomic}
     uint ConcGCThreads                            = 4                                         {product} {ergonomic}
     uint G1ConcRefinementThreads                  = 15                                        {product} {ergonomic}
   size_t G1HeapRegionSize                         = 4194304                                   {product} {ergonomic}
    uintx GCDrainStackTargetSize                   = 64                                        {product} {ergonomic}
     bool HeapDumpOnOutOfMemoryError               = true                                   {manageable} {command line}
   size_t InitialHeapSize                          = 532676608                                 {product} {ergonomic}
   size_t MarkStackSize                            = 4194304                                   {product} {ergonomic}
   size_t MaxHeapSize                              = 8589934592                                {product} {command line}
   size_t MaxNewSize                               = 5150605312                                {product} {ergonomic}
   size_t MinHeapDeltaBytes                        = 4194304                                   {product} {ergonomic}
   size_t MinHeapSize                              = 8388608                                   {product} {ergonomic}
    uintx NonNMethodCodeHeapSize                   = 7602480                                {pd product} {ergonomic}
    uintx NonProfiledCodeHeapSize                  = 122027880                              {pd product} {ergonomic}
    uintx ProfiledCodeHeapSize                     = 122027880                              {pd product} {ergonomic}
    uintx ReservedCodeCacheSize                    = 251658240                              {pd product} {ergonomic}
     bool SegmentedCodeCache                       = true                                      {product} {ergonomic}
   size_t SoftMaxHeapSize                          = 8589934592                             {manageable} {ergonomic}
     bool UseCompressedOops                        = true                           {product lp64_product} {ergonomic}
     bool UseG1GC                                  = true                                      {product} {ergonomic}
     bool UseLargePagesIndividualAllocation        = false                                  {pd product} {ergonomic}

Logging:
Log output configuration:
 #0: stdout all=warning uptime,level,tags foldmultilines=false
 #1: stderr all=off uptime,level,tags foldmultilines=false

Release file:
JAVA_VERSION="21.0.10" 
MODULES="java.base java.compiler java.datatransfer java.xml java.prefs java.desktop java.instrument java.logging java.management java.security.sasl java.naming java.rmi java.management.rmi java.net.http java.scripting java.security.jgss java.transaction.xa java.sql java.sql.rowset java.xml.crypto java.se java.smartcardio jdk.accessibility jdk.internal.jvmstat jdk.attach jdk.charsets jdk.internal.opt jdk.zipfs jdk.compiler jdk.crypto.ec jdk.crypto.cryptoki jdk.dynalink jdk.hotspot.agent jdk.httpserver jdk.internal.ed jdk.internal.le jdk.internal.vm.ci jdk.jartool jdk.javadoc jdk.jcmd jdk.jdeps jdk.jdwp.agent jdk.jdi jdk.jfr jdk.jlink jdk.jsobject jdk.localedata jdk.management jdk.management.agent jdk.management.jfr jdk.naming.dns jdk.naming.rmi jdk.net jdk.sctp jdk.security.auth jdk.security.jgss jdk.unsupported jdk.unsupported.desktop jdk.xml.dom" 
IMPLEMENTOR="JetBrains s.r.o." 
JAVA_RUNTIME_VERSION="21.0.10+-14961533-b1163.108" 
LIBC="default" 
OS_ARCH="x86_64" 
OS_NAME="Windows" 
SOURCE=".:git:1351622c2ff2" 

Environment Variables:
PATH=C:\Program Files\Eclipse Adoptium\jdk-17.0.17.10-hotspot\bin;C:\Program Files\Common Files\Oracle\Java\javapath;C:\WINDOWS\system32;C:\WINDOWS;C:\WINDOWS\System32\Wbem;C:\WINDOWS\System32\WindowsPowerShell\v1.0\;C:\WINDOWS\System32\OpenSSH\;C:\Program Files\Docker\Docker\resources\bin;C:\Program Files\Git\cmd;C:\Program Files\nodejs\;C:\Program Files\dotnet\;C:\Program Files\Qoder\bin;C:\Program Files (x86)\cloudflared\;C:\Users\p.kazemiyeh\AppData\Local\hermes\bin;C:\Users\p.kazemiyeh\AppData\Local\hermes\hermes-agent\venv\Scripts;C:\Users\p.kazemiyeh\.local\bin;C:\Users\p.kazemiyeh\AppData\Local\Microsoft\WindowsApps;C:\Program Files\JetBrains\IntelliJ IDEA 2025.1.2\bin;C:\Users\p.kazemiyeh\AppData\Local\Programs\Ollama;C:\Users\p.kazemiyeh\AppData\Roaming\npm
USERNAME=p.kazemiyeh
OS=Windows_NT
PROCESSOR_IDENTIFIER=Intel64 Family 6 Model 151 Stepping 2, GenuineIntel
TMP=C:\Users\P71E3~1.KAZ\AppData\Local\Temp
TEMP=C:\Users\P71E3~1.KAZ\AppData\Local\Temp




Periodic native trim disabled

JNI global refs:
JNI global refs: 42, weak refs: 0

JNI global refs memory usage: 1467, weak refs: 833

Process memory usage:
Resident Set Size: 1269136K (3% of 33289648K total physical memory with 4857644K free physical memory)

OOME stack traces (most recent first):
Classloader memory used:
Loader org.gradle.internal.classloader.VisitableURLClassLoader$InstrumentingVisitableURLClassLoader: 68558K
Loader org.gradle.internal.classloader.VisitableURLClassLoader                         : 53879K
Loader bootstrap                                                                       : 36098K
Loader org.gradle.initialization.MixInLegacyTypesClassLoader                           : 16208K
Loader java.net.URLClassLoader                                                         : 5597K
Loader org.gradle.internal.classloader.VisitableURLClassLoader                         : 2325K
Loader jdk.internal.loader.ClassLoaders$PlatformClassLoader                            : 813K
Loader jdk.internal.reflect.DelegatingClassLoader                                      : 636K
Loader jdk.internal.loader.ClassLoaders$AppClassLoader                                 : 238K
Loader org.gradle.groovy.scripts.internal.DefaultScriptCompilationHandler$ScriptClassLoader: 144K
Loader org.codehaus.groovy.runtime.callsite.CallSiteClassLoader                        : 29312B

Classes loaded by more than one classloader:
Class Program                                                                         : loaded 61 times (x 72B)
Class Build_gradle$1                                                                  : loaded 59 times (x 75B)
Class Build_gradle                                                                    : loaded 59 times (x 130B)
Class org.gradle.kotlin.dsl.VersionCatalogAccessorsKt                                 : loaded 30 times (x 71B)
Class org.gradle.kotlin.dsl.Accessors8rihyt52ywg47pk3ez2ijmcwzKt                      : loaded 29 times (x 71B)
Class org.gradle.kotlin.dsl.Accessors4nhp6c7gizz3uim4k13ftxn74Kt                      : loaded 29 times (x 71B)
Class org.gradle.kotlin.dsl.Accessorsavpr95fnj5r9vbgn3z4feg0wxKt                      : loaded 28 times (x 71B)
Class Build_gradle$1$2$1                                                              : loaded 27 times (x 79B)
Class Build_gradle$1$4                                                                : loaded 27 times (x 75B)
Class Build_gradle$1$3                                                                : loaded 27 times (x 75B)
Class Build_gradle$1$4$1                                                              : loaded 27 times (x 79B)
Class Build_gradle$1$1                                                                : loaded 27 times (x 74B)
Class Build_gradle$1$6$1                                                              : loaded 26 times (x 79B)
Class Build_gradle$1$2                                                                : loaded 26 times (x 75B)
Class Build_gradle$1$5                                                                : loaded 26 times (x 74B)
Class Build_gradle$1$6                                                                : loaded 26 times (x 75B)
Class Build_gradle$1$6$1$1                                                            : loaded 26 times (x 79B)
Class Build_gradle$1$3$1                                                              : loaded 26 times (x 79B)
Class Build_gradle$1$6$3$1                                                            : loaded 8 times (x 78B)
Class Build_gradle$1$6$2                                                              : loaded 8 times (x 78B)
Class Build_gradle$1$6$3                                                              : loaded 8 times (x 78B)
Class Build_gradle$1$6$2$1                                                            : loaded 8 times (x 78B)
Class Build_gradle$1$6$4                                                              : loaded 7 times (x 78B)
Class Build_gradle$1$6$5$1                                                            : loaded 7 times (x 78B)
Class Build_gradle$1$6$4$1                                                            : loaded 7 times (x 78B)
Class Build_gradle$1$6$5                                                              : loaded 7 times (x 78B)
Class Build_gradle$2$4$1                                                              : loaded 3 times (x 79B)
Class Build_gradle$2$6                                                                : loaded 3 times (x 75B)
Class Build_gradle$2$5                                                                : loaded 3 times (x 74B)
Class Build_gradle$2$4                                                                : loaded 3 times (x 75B)
Class Build_gradle$2$3                                                                : loaded 3 times (x 75B)
Class Build_gradle$2$2                                                                : loaded 3 times (x 75B)
Class Build_gradle$2$1                                                                : loaded 3 times (x 74B)
Class Build_gradle$2                                                                  : loaded 3 times (x 75B)
Class Build_gradle$2$3$1                                                              : loaded 3 times (x 79B)
Class com.google.common.base.Suppliers                                                : loaded 2 times (x 71B)
Class org.gradle.internal.classloader.DefaultClassLoaderFactory                       : loaded 2 times (x 82B)
Class kotlin.sequences.SequencesKt___SequencesKt                                      : loaded 2 times (x 71B)
Class kotlin.collections.AbstractList$Companion                                       : loaded 2 times (x 71B)
Class com.google.common.collect.ReverseNaturalOrdering                                : loaded 2 times (x 114B)
Class org.gradle.internal.classloader.ClassLoaderVisitor                              : loaded 2 times (x 76B)
Class kotlin.reflect.jvm.internal.KProperty1Impl                                      : loaded 2 times (x 128B)
Class com.google.common.collect.RegularImmutableMap                                   : loaded 2 times (x 121B)
Class com.google.common.collect.Ordering                                              : loaded 2 times (x 114B)
Class [Lcom.google.common.collect.ImmutableMapEntry;                                  : loaded 2 times (x 69B)
Class ijJvmDebugger2_8twdw524m1b59lrrjnwhqczdr$_run_closure1$_closure2                : loaded 2 times (x 140B)
Class org.gradle.api.internal.classpath.EffectiveClassPath                            : loaded 2 times (x 90B)
Class kotlin.text.StringsKt__AppendableKt                                             : loaded 2 times (x 71B)
Class kotlin.reflect.jvm.internal.impl.name.FqNameUnsafe$1                            : loaded 2 times (x 74B)
Class com.google.common.collect.ImmutableRangeSet                                     : loaded 2 times (x 115B)
Class com.google.common.collect.ListMultimap                                          : loaded 2 times (x 70B)
Class com.google.common.collect.ImmutableEnumMap                                      : loaded 2 times (x 126B)
Class kotlin.reflect.jvm.internal.KCallableImpl                                       : loaded 2 times (x 105B)
Class kotlin.reflect.KProperty$Accessor                                               : loaded 2 times (x 70B)
Class [Lkotlin.reflect.KCallable;                                                     : loaded 2 times (x 69B)
Class Build_gradle$2$6$1                                                              : loaded 2 times (x 79B)
Class com.google.common.collect.ComparatorOrdering                                    : loaded 2 times (x 115B)
Class com.google.common.collect.ImmutableSet$SerializedForm                           : loaded 2 times (x 73B)
Class com.google.common.collect.Sets$1                                                : loaded 2 times (x 139B)
Class org.objectweb.asm.AnnotationVisitor                                             : loaded 2 times (x 78B)
Class org.gradle.api.internal.DefaultClassPathProvider                                : loaded 2 times (x 76B)
Class kotlin.sequences.Sequence                                                       : loaded 2 times (x 70B)
Class kotlin.text.StringsKt__StringNumberConversionsJVMKt                             : loaded 2 times (x 71B)
Class kotlin.reflect.jvm.internal.impl.builtins.jvm.JavaToKotlinClassMap$PlatformMutabilityMapping: loaded 2 times (x 72B)
Class Build_gradle$2$6$2                                                              : loaded 2 times (x 79B)
Class com.google.common.collect.NaturalOrdering                                       : loaded 2 times (x 115B)
Class com.google.common.collect.Sets$2                                                : loaded 2 times (x 139B)
Class [Lorg.gradle.api.internal.ClassPathProvider;                                    : loaded 2 times (x 69B)
Class org.gradle.api.internal.ClassPathProvider                                       : loaded 2 times (x 70B)
Class kotlin.jvm.functions.Function20                                                 : loaded 2 times (x 70B)
Class Build_gradle$2$6$3                                                              : loaded 2 times (x 78B)
Class [Lorg.objectweb.asm.AnnotationVisitor;                                          : loaded 2 times (x 69B)
Class com.google.common.collect.Sets$3                                                : loaded 2 times (x 139B)
Class com.google.common.cache.LocalCache$LocalLoadingCache                            : loaded 2 times (x 134B)
Class org.gradle.internal.service.UnknownServiceException                             : loaded 2 times (x 83B)
Class kotlin.jvm.functions.Function21                                                 : loaded 2 times (x 70B)
Class kotlin.reflect.jvm.internal.impl.name.ClassId                                   : loaded 2 times (x 72B)
Class kotlin.jvm.internal.MutablePropertyReference2                                   : loaded 2 times (x 137B)
Class com.google.common.collect.Sets$4                                                : loaded 2 times (x 139B)
Class org.objectweb.asm.ModuleVisitor                                                 : loaded 2 times (x 81B)
Class com.google.common.cache.LocalCache$Strength$1                                   : loaded 2 times (x 81B)
Class kotlin.jvm.functions.Function22                                                 : loaded 2 times (x 70B)
Class com.google.common.util.concurrent.SettableFuture                                : loaded 2 times (x 114B)
Class com.google.common.cache.LocalCache$Strength$2                                   : loaded 2 times (x 81B)
Class kotlin.text.StringsKt__RegexExtensionsJVMKt                                     : loaded 2 times (x 71B)
Class kotlin.collections.ArraysKt___ArraysJvmKt                                       : loaded 2 times (x 71B)
Class kotlin.collections.CollectionsKt__CollectionsKt                                 : loaded 2 times (x 71B)
Class kotlin.reflect.KTypeParameter                                                   : loaded 2 times (x 70B)
Class com.google.common.collect.AllEqualOrdering                                      : loaded 2 times (x 114B)
Class com.google.common.cache.LocalCache$Strength$3                                   : loaded 2 times (x 81B)
Class com.google.common.collect.MapDifference                                         : loaded 2 times (x 70B)
Class kotlin._Assertions                                                              : loaded 2 times (x 71B)
Class kotlin.text.Regex$Companion                                                     : loaded 2 times (x 71B)
Class org.objectweb.asm.FieldWriter                                                   : loaded 2 times (x 78B)
Class com.google.common.cache.CacheBuilder$NullListener                               : loaded 2 times (x 82B)
Class org.gradle.internal.classpath.TransformedClassPath                              : loaded 2 times (x 96B)
Class org.gradle.internal.classloader.InstrumentingClassLoader                        : loaded 2 times (x 70B)
Class kotlin.enums.EnumEntriesList                                                    : loaded 2 times (x 223B)
Class kotlin.jvm.internal.FunctionReference                                           : loaded 2 times (x 122B)
Class kotlin.jvm.internal.FunctionBase                                                : loaded 2 times (x 70B)
Class com.google.common.collect.ImmutableRangeSet$AsSet                               : loaded 2 times (x 300B)
Class com.google.common.cache.CacheLoader$FunctionToCacheLoader                       : loaded 2 times (x 75B)
Class com.google.common.collect.Iterators$ArrayItr                                    : loaded 2 times (x 97B)
Class com.google.common.collect.ImmutableCollection$Builder                           : loaded 2 times (x 76B)
Class kotlin.comparisons.ComparisonsKt___ComparisonsJvmKt                             : loaded 2 times (x 71B)
Class kotlin.reflect.jvm.internal.impl.name.FqNamesUtilKt                             : loaded 2 times (x 71B)
Class kotlin.collections.CollectionsKt__IteratorsJVMKt                                : loaded 2 times (x 71B)
Class com.google.common.base.Joiner                                                   : loaded 2 times (x 79B)
Class com.google.common.base.MoreObjects                                              : loaded 2 times (x 71B)
Class [Lorg.jetbrains.kotlin.com.intellij.openapi.diagnostic.LogLevel;                : loaded 2 times (x 69B)
Class org.jetbrains.kotlin.build.report.metrics.GradleBuildTime                       : loaded 2 times (x 88B)
Class kotlin.reflect.KProperty0                                                       : loaded 2 times (x 70B)
Class com.google.common.collect.Platform                                              : loaded 2 times (x 71B)
Class [Lorg.objectweb.asm.Type;                                                       : loaded 2 times (x 69B)
Class com.google.common.collect.UnmodifiableIterator                                  : loaded 2 times (x 80B)
Class org.gradle.internal.service.ServiceLocator                                      : loaded 2 times (x 70B)
Class [Lkotlin.Function;                                                              : loaded 2 times (x 69B)
Class kotlin.Pair                                                                     : loaded 2 times (x 72B)
Class kotlin.reflect.KProperty1                                                       : loaded 2 times (x 70B)
Class kotlin.reflect.KClass                                                           : loaded 2 times (x 70B)
Class com.google.common.collect.ImmutableSortedMap$Builder                            : loaded 2 times (x 90B)
Class com.google.common.base.Ascii                                                    : loaded 2 times (x 71B)
Class com.google.common.collect.SingletonImmutableBiMap                               : loaded 2 times (x 143B)
Class com.google.common.cache.LocalCache$1                                            : loaded 2 times (x 89B)
Class com.google.common.collect.Iterators$SingletonIterator                           : loaded 2 times (x 81B)
Class com.google.common.collect.AbstractMapEntry                                      : loaded 2 times (x 81B)
Class Settings_gradle$1$1$1$1                                                         : loaded 2 times (x 74B)
Class kotlin.io.CloseableKt                                                           : loaded 2 times (x 71B)
Class kotlin.collections.CollectionsKt__MutableCollectionsKt                          : loaded 2 times (x 71B)
Class kotlin.reflect.KProperty2                                                       : loaded 2 times (x 70B)
Class com.google.common.collect.Sets$ImprovedAbstractSet                              : loaded 2 times (x 135B)
Class com.google.common.collect.ImmutableList$Builder                                 : loaded 2 times (x 77B)
Class com.google.common.collect.AbstractMultimap                                      : loaded 2 times (x 123B)
Class com.google.common.cache.LocalCache$2                                            : loaded 2 times (x 142B)
Class kotlin.io.TerminateException                                                    : loaded 2 times (x 82B)
Class kotlin.io.FilesKt__FilePathComponentsKt                                         : loaded 2 times (x 71B)
Class kotlin.reflect.jvm.internal.impl.utils.CollectionsKt                            : loaded 2 times (x 71B)
Class kotlin.reflect.KCallable                                                        : loaded 2 times (x 70B)
Class com.google.common.collect.ImmutableRangeSet$1                                   : loaded 2 times (x 210B)
Class com.google.common.collect.RegularImmutableAsList                                : loaded 2 times (x 217B)
Class com.google.common.collect.Range                                                 : loaded 2 times (x 87B)
Class com.google.common.util.concurrent.AbstractFuture$Trusted                        : loaded 2 times (x 70B)
Class com.google.common.collect.Iterators                                             : loaded 2 times (x 71B)
Class [Lorg.jetbrains.kotlin.build.report.metrics.BuildTime;                          : loaded 2 times (x 69B)
Class kotlin.reflect.jvm.internal.ReflectProperties$Val                               : loaded 2 times (x 74B)
Class com.google.common.collect.ExplicitOrdering                                      : loaded 2 times (x 115B)
Class com.google.common.collect.Lists$StringAsImmutableList                           : loaded 2 times (x 207B)
Class com.google.common.util.concurrent.UncheckedExecutionException                   : loaded 2 times (x 82B)
Class org.gradle.internal.InternalTransformer                                         : loaded 2 times (x 70B)
Class kotlin.collections.EmptyList                                                    : loaded 2 times (x 174B)
Class kotlin.collections.MapsKt__MapsJVMKt                                            : loaded 2 times (x 71B)
Class kotlin.reflect.jvm.internal.ReflectionFactoryImpl                               : loaded 2 times (x 91B)
Class org.gradle.kotlin.dsl.Accessorsdh6wej5nptuk33ccrly58td6lKt                      : loaded 2 times (x 71B)
Class com.google.common.collect.AbstractMapBasedMultimap$KeySet$1                     : loaded 2 times (x 82B)
Class org.objectweb.asm.ClassWriter                                                   : loaded 2 times (x 106B)
Class com.google.common.cache.CacheLoader$UnsupportedLoadingOperationException        : loaded 2 times (x 82B)
Class com.google.common.base.CharMatcher$And                                          : loaded 2 times (x 112B)
Class org.gradle.internal.classloader.ClasspathUtil$1                                 : loaded 2 times (x 76B)
Class kotlin.reflect.jvm.internal.impl.builtins.StandardNames$FqNames                 : loaded 2 times (x 71B)
Class [Lcom.google.common.cache.CacheBuilder$OneWeigher;                              : loaded 2 times (x 69B)
Class org.objectweb.asm.FieldVisitor                                                  : loaded 2 times (x 77B)
Class com.google.common.collect.IndexedImmutableSet                                   : loaded 2 times (x 152B)
Class com.google.common.collect.BiMap                                                 : loaded 2 times (x 70B)
Class com.google.common.collect.ImmutableMap$1                                        : loaded 2 times (x 81B)
Class ijKotlinCoroutineJvmDebugInit2_9u6frco3jk764hbklyj3txv13$_run_closure1$_closure2: loaded 2 times (x 139B)
Class org.gradle.api.internal.classpath.DefaultModuleRegistry$DefaultModule           : loaded 2 times (x 86B)
Class Build_gradle$2$6$2$1                                                            : loaded 2 times (x 79B)
Class com.google.common.collect.NullsFirstOrdering                                    : loaded 2 times (x 115B)
Class com.google.common.primitives.Ints                                               : loaded 2 times (x 71B)
Class com.google.common.collect.AbstractIterator                                      : loaded 2 times (x 82B)
Class kotlin.collections.IndexingIterable                                             : loaded 2 times (x 79B)
Class kotlin.collections.ArraysKt__ArraysKt                                           : loaded 2 times (x 71B)
Class com.google.common.collect.ObjectArrays                                          : loaded 2 times (x 71B)
Class com.google.common.collect.Multiset                                              : loaded 2 times (x 70B)
Class com.google.common.collect.ArrayListMultimapGwtSerializationDependencies         : loaded 2 times (x 172B)
Class com.google.common.collect.AbstractIndexedListIterator                           : loaded 2 times (x 96B)
Class com.google.common.math.MathPreconditions                                        : loaded 2 times (x 71B)
Class kotlin.collections.SetsKt__SetsJVMKt                                            : loaded 2 times (x 71B)
Class kotlin.reflect.jvm.internal.impl.builtins.jvm.JavaToKotlinClassMap              : loaded 2 times (x 71B)
Class kotlin.reflect.jvm.internal.KotlinReflectionInternalError                       : loaded 2 times (x 82B)
Class kotlin.Function                                                                 : loaded 2 times (x 70B)
Class org.gradle.api.internal.classpath.ManifestUtil                                  : loaded 2 times (x 71B)
Class com.google.common.collect.ImmutableMapEntrySet                                  : loaded 2 times (x 152B)
Class org.gradle.api.internal.classpath.Module                                        : loaded 2 times (x 70B)
Class kotlin.io.FileAlreadyExistsException                                            : loaded 2 times (x 82B)
Class kotlin.reflect.jvm.internal.KClassifierImpl                                     : loaded 2 times (x 70B)
Class kotlin.reflect.KMutableProperty                                                 : loaded 2 times (x 70B)
Class com.google.common.cache.Weigher                                                 : loaded 2 times (x 70B)
Class org.gradle.api.internal.classpath.UnknownModuleException                        : loaded 2 times (x 82B)
Class org.objectweb.asm.MethodTooLargeException                                       : loaded 2 times (x 83B)
Class com.google.common.base.Stopwatch                                                : loaded 2 times (x 72B)
Class com.google.common.cache.LocalCache$Strength                                     : loaded 2 times (x 81B)
Class com.google.common.cache.Cache                                                   : loaded 2 times (x 70B)
Class kotlin.collections.IndexingIterator                                             : loaded 2 times (x 79B)
Class org.jetbrains.kotlin.build.report.metrics.BuildMetricsReporter                  : loaded 2 times (x 70B)
Class com.google.common.base.NullnessCasts                                            : loaded 2 times (x 71B)
Class com.google.common.util.concurrent.AbstractFuture$Cancellation                   : loaded 2 times (x 72B)
Class com.google.common.collect.ImmutableMap$Builder                                  : loaded 2 times (x 82B)
Class [Lkotlin.reflect.jvm.internal.impl.builtins.PrimitiveType;                      : loaded 2 times (x 69B)
Class kotlin.reflect.jvm.internal.impl.builtins.StandardNames                         : loaded 2 times (x 71B)
Class kotlin.reflect.jvm.internal.ReflectProperties$LazySoftVal                       : loaded 2 times (x 78B)
Class [Lkotlin.reflect.KAnnotatedElement;                                             : loaded 2 times (x 69B)
Class com.google.common.cache.RemovalListener                                         : loaded 2 times (x 70B)
Class org.gradle.api.internal.DefaultClassPathRegistry                                : loaded 2 times (x 76B)
Class kotlin.jvm.JvmClassMappingKt                                                    : loaded 2 times (x 71B)
Class kotlin.reflect.jvm.internal.KPropertyImpl                                       : loaded 2 times (x 115B)
Class kotlin.reflect.KProperty                                                        : loaded 2 times (x 70B)
Class kotlin.jvm.internal.Reflection                                                  : loaded 2 times (x 71B)
Class com.google.common.primitives.IntsMethodsForWeb                                  : loaded 2 times (x 71B)
Class com.google.common.collect.Multimap                                              : loaded 2 times (x 70B)
Class org.gradle.api.internal.ClassPathRegistry                                       : loaded 2 times (x 70B)
Class org.gradle.internal.classpath.DefaultClassPath$ImmutableUniqueList              : loaded 2 times (x 199B)
Class kotlin.reflect.jvm.internal.impl.resolve.jvm.JvmPrimitiveType                   : loaded 2 times (x 79B)
Class kotlin.text.StringsKt__StringsJVMKt                                             : loaded 2 times (x 71B)
Class kotlin.text.StringsKt__IndentKt                                                 : loaded 2 times (x 71B)
Class kotlin.collections.SetsKt                                                       : loaded 2 times (x 71B)
Class com.google.common.collect.ImmutableList$1                                       : loaded 2 times (x 97B)
Class com.google.common.cache.CacheBuilder                                            : loaded 2 times (x 72B)
Class com.google.common.collect.SingletonImmutableList                                : loaded 2 times (x 207B)
Class Settings_gradle$1                                                               : loaded 2 times (x 75B)
Class org.gradle.internal.classpath.ClassPath                                         : loaded 2 times (x 70B)
Class org.gradle.api.UncheckedIOException                                             : loaded 2 times (x 82B)
Class [Lkotlin.reflect.jvm.internal.impl.name.FqName;                                 : loaded 2 times (x 69B)
Class kotlin.reflect.KFunction                                                        : loaded 2 times (x 70B)
Class com.google.common.base.JdkPattern                                               : loaded 2 times (x 75B)
Class com.google.common.collect.ImmutableList$ReverseImmutableList                    : loaded 2 times (x 209B)
Class org.jetbrains.kotlin.com.intellij.openapi.diagnostic.Logger                     : loaded 2 times (x 99B)
Class kotlin.collections.MapsKt__MapsKt                                               : loaded 2 times (x 71B)
Class kotlin.jvm.internal.Lambda                                                      : loaded 2 times (x 75B)
Class [Lkotlin.reflect.KDeclarationContainer;                                         : loaded 2 times (x 69B)
Class org.objectweb.asm.SymbolTable$Entry                                             : loaded 2 times (x 74B)
Class com.google.common.base.Platform$JdkPatternCompiler                              : loaded 2 times (x 75B)
Class org.objectweb.asm.Edge                                                          : loaded 2 times (x 72B)
Class com.google.common.base.Suppliers$SupplierOfInstance                             : loaded 2 times (x 79B)
Class com.google.common.collect.Iterators$1                                           : loaded 2 times (x 81B)
Class kotlin.UninitializedPropertyAccessException                                     : loaded 2 times (x 82B)
Class com.google.common.collect.ImmutableMap$MapViewOfValuesAsSingletonSets           : loaded 2 times (x 126B)
Class com.google.common.cache.LocalCache$ComputingValueReference                      : loaded 2 times (x 96B)
Class com.google.common.collect.SingletonImmutableSet                                 : loaded 2 times (x 146B)
Class com.google.common.collect.ImmutableMap$IteratorBasedImmutableMap                : loaded 2 times (x 126B)
Class kotlin.reflect.KProperty$Getter                                                 : loaded 2 times (x 70B)
Class [Lkotlin.reflect.KClass;                                                        : loaded 2 times (x 69B)
Class com.google.common.cache.LocalCache$Segment                                      : loaded 2 times (x 154B)
Class kotlin.SafePublicationLazyImpl                                                  : loaded 2 times (x 76B)
Class kotlin.reflect.jvm.internal.ReflectProperties                                   : loaded 2 times (x 71B)
Class kotlin.reflect.jvm.internal.impl.name.FqName                                    : loaded 2 times (x 72B)
Class com.google.common.collect.SortedIterable                                        : loaded 2 times (x 70B)
Class com.google.common.collect.AbstractListMultimap                                  : loaded 2 times (x 172B)
Class [Lorg.objectweb.asm.SymbolTable$Entry;                                          : loaded 2 times (x 69B)
Class com.google.common.cache.CacheLoader                                             : loaded 2 times (x 74B)
Class com.google.common.collect.Iterators$4                                           : loaded 2 times (x 82B)
Class com.google.common.collect.ImmutableBiMap                                        : loaded 2 times (x 143B)
Class org.gradle.internal.installation.GradleInstallation$1                           : loaded 2 times (x 75B)
Class org.gradle.api.internal.classpath.ModuleRegistry                                : loaded 2 times (x 70B)
Class com.google.common.collect.UnmodifiableListIterator                              : loaded 2 times (x 95B)
Class com.google.common.util.concurrent.internal.InternalFutureFailureAccess          : loaded 2 times (x 72B)
Class com.google.common.collect.Iterators$5                                           : loaded 2 times (x 82B)
Class com.google.common.collect.ImmutableSet$JdkBackedSetBuilderImpl                  : loaded 2 times (x 76B)
Class kotlin.reflect.jvm.internal.KDeclarationContainerImpl                           : loaded 2 times (x 84B)
Class com.google.common.util.concurrent.ExecutionError                                : loaded 2 times (x 82B)
Class org.objectweb.asm.ClassVisitor                                                  : loaded 2 times (x 88B)
Class com.google.common.collect.ImmutableSortedAsList                                 : loaded 2 times (x 221B)
Class com.google.common.cache.LocalCache$LocalManualCache$1                           : loaded 2 times (x 75B)
Class com.google.common.base.CharMatcher$ForPredicate                                 : loaded 2 times (x 112B)
Class kotlin.io.FilesKt__UtilsKt                                                      : loaded 2 times (x 71B)
Class kotlin.collections.CollectionsKt__CollectionsJVMKt                              : loaded 2 times (x 71B)
Class com.google.common.collect.ImmutableSortedMap$1EntrySet                          : loaded 2 times (x 155B)
Class com.google.common.base.CharMatcher$AnyOf                                        : loaded 2 times (x 112B)
Class com.google.common.collect.ImmutableCollection                                   : loaded 2 times (x 125B)
Class org.gradle.api.internal.classpath.DefaultModuleRegistry                         : loaded 2 times (x 86B)
Class kotlin.collections.IndexedValue                                                 : loaded 2 times (x 72B)
Class kotlin.sequences.SequencesKt                                                    : loaded 2 times (x 71B)
Class org.jetbrains.kotlin.build.report.metrics.GradleBuildTime$Companion             : loaded 2 times (x 71B)
Class kotlin.reflect.jvm.internal.impl.name.SpecialNames                              : loaded 2 times (x 71B)
Class kotlin.collections.CollectionsKt__IteratorsKt                                   : loaded 2 times (x 71B)
Class com.google.common.collect.ImmutableEnumSet                                      : loaded 2 times (x 146B)
Class com.google.common.collect.Lists                                                 : loaded 2 times (x 71B)
Class com.google.common.util.concurrent.ListenableFuture                              : loaded 2 times (x 70B)
Class com.google.common.cache.ReferenceEntry                                          : loaded 2 times (x 70B)
Class com.google.common.base.Converter                                                : loaded 2 times (x 90B)
Class com.google.common.collect.ImmutableSet$CachingAsList                            : loaded 2 times (x 148B)
Class org.jetbrains.kotlin.com.intellij.openapi.diagnostic.Logger$DefaultFactory      : loaded 2 times (x 74B)
Class kotlin.text.StringsKt                                                           : loaded 2 times (x 71B)
Class com.google.common.collect.AbstractMapBasedMultimap                              : loaded 2 times (x 139B)
Class com.google.common.util.concurrent.AbstractFuture                                : loaded 2 times (x 106B)
Class com.google.common.base.FunctionalEquivalence                                    : loaded 2 times (x 83B)
Class com.google.common.collect.Iterators$9                                           : loaded 2 times (x 81B)
Class com.google.common.collect.AbstractMapBasedMultimap$WrappedCollection            : loaded 2 times (x 124B)
Class kotlin.LazyKt__LazyJVMKt                                                        : loaded 2 times (x 71B)
Class kotlin.jvm.internal.MutablePropertyReference1                                   : loaded 2 times (x 137B)
Class org.objectweb.asm.RecordComponentVisitor                                        : loaded 2 times (x 77B)
Class com.google.common.cache.CacheLoader$SupplierToCacheLoader                       : loaded 2 times (x 75B)
Class kotlin.io.FilesKt__FileReadWriteKt                                              : loaded 2 times (x 71B)
Class kotlin.text.StringsKt__StringNumberConversionsKt                                : loaded 2 times (x 71B)
Class com.google.common.collect.UsingToStringOrdering                                 : loaded 2 times (x 114B)
Class com.google.common.collect.Maps$EntryTransformer                                 : loaded 2 times (x 70B)
Class ijJvmDebugger2_8twdw524m1b59lrrjnwhqczdr$_run_closure1                          : loaded 2 times (x 139B)
Class org.gradle.internal.service.ServiceLookupException                              : loaded 2 times (x 82B)
Class org.jetbrains.kotlin.com.intellij.openapi.diagnostic.LogLevel                   : loaded 2 times (x 79B)
Class com.google.common.collect.ImmutableSortedSet                                    : loaded 2 times (x 300B)
Class [Lcom.google.common.cache.LocalCache$EntryFactory;                              : loaded 2 times (x 69B)
Class org.gradle.internal.classloader.ClassLoaderFactory                              : loaded 2 times (x 70B)
Class kotlin.reflect.jvm.internal.impl.builtins.PrimitiveType                         : loaded 2 times (x 79B)
Class com.google.common.base.CommonPattern                                            : loaded 2 times (x 74B)
Class com.google.common.cache.LocalCache$LocalManualCache                             : loaded 2 times (x 99B)
Class com.google.common.base.CharMatcher$IsNot                                        : loaded 2 times (x 111B)
Class org.gradle.internal.service.CachingServiceLocator                               : loaded 2 times (x 82B)
Class kotlin.jvm.internal.CallableReference                                           : loaded 2 times (x 106B)
Class kotlin.jvm.internal.PropertyReference1Impl                                      : loaded 2 times (x 127B)
Class com.google.common.collect.AbstractMapBasedMultimap$KeySet                       : loaded 2 times (x 137B)
Class com.google.common.collect.RegularImmutableSortedSet                             : loaded 2 times (x 300B)
Class com.google.common.math.IntMath                                                  : loaded 2 times (x 71B)
Class org.jetbrains.kotlin.build.report.metrics.BuildTime                             : loaded 2 times (x 70B)
Class kotlin.reflect.jvm.internal.impl.descriptors.runtime.structure.ReflectClassUtilKt: loaded 2 times (x 71B)
Class com.google.common.collect.ImmutableMapEntry                                     : loaded 2 times (x 85B)
Class org.jetbrains.kotlin.build.report.metrics.DoNothingBuildMetricsReporter         : loaded 2 times (x 87B)
Class kotlin.enums.EnumEntries                                                        : loaded 2 times (x 70B)
Class com.google.common.base.Equivalence                                              : loaded 2 times (x 82B)
Class com.google.common.base.Function                                                 : loaded 2 times (x 70B)
Class com.google.common.collect.ImmutableMapEntry$NonTerminalImmutableMapEntry        : loaded 2 times (x 85B)
Class com.google.common.cache.CacheBuilder$OneWeigher                                 : loaded 2 times (x 82B)
Class com.google.common.collect.RegularImmutableList                                  : loaded 2 times (x 213B)
Class org.jetbrains.kotlin.com.intellij.openapi.diagnostic.Logger$Factory             : loaded 2 times (x 70B)
Class kotlin.reflect.jvm.internal.KDeclarationContainerImpl$Companion                 : loaded 2 times (x 71B)
Class com.google.common.collect.ImmutableSortedMap                                    : loaded 2 times (x 217B)
Class org.gradle.internal.classloader.ClasspathUtil                                   : loaded 2 times (x 71B)
Class kotlin.io.FileSystemException                                                   : loaded 2 times (x 82B)
Class kotlin.jvm.internal.PropertyReference0                                          : loaded 2 times (x 127B)
Class com.google.common.util.concurrent.Uninterruptibles                              : loaded 2 times (x 71B)
Class kotlin.reflect.full.IllegalCallableAccessException                              : loaded 2 times (x 82B)
Class kotlin.jvm.internal.DefaultConstructorMarker                                    : loaded 2 times (x 71B)
Class kotlin.jvm.internal.PropertyReference1                                          : loaded 2 times (x 127B)
Class com.google.common.util.concurrent.LazyLogger                                    : loaded 2 times (x 72B)
Class com.google.common.collect.Maps                                                  : loaded 2 times (x 71B)
Class org.gradle.api.specs.Spec                                                       : loaded 2 times (x 70B)
Class kotlin.LazyKt__LazyJVMKt$WhenMappings                                           : loaded 2 times (x 71B)
Class kotlin.jvm.internal.PropertyReference2                                          : loaded 2 times (x 127B)
Class kotlin.jvm.internal.MutablePropertyReference                                    : loaded 2 times (x 119B)
Class [Lcom.google.common.collect.ImmutableEntry;                                     : loaded 2 times (x 69B)
Class [Lkotlin.reflect.jvm.internal.impl.builtins.jvm.JavaToKotlinClassMap$PlatformMutabilityMapping;: loaded 2 times (x 69B)
Class kotlin.LazyThreadSafetyMode                                                     : loaded 2 times (x 79B)
Class kotlin.reflect.full.IllegalPropertyDelegateAccessException                      : loaded 2 times (x 82B)
Class com.google.common.cache.LocalCache$LoadingValueReference                        : loaded 2 times (x 96B)
Class kotlin.collections.EmptyIterator                                                : loaded 2 times (x 89B)
Class kotlin.text.StringsKt__RegexExtensionsKt                                        : loaded 2 times (x 71B)
Class kotlin.SynchronizedLazyImpl                                                     : loaded 2 times (x 76B)
Class kotlin.SafePublicationLazyImpl$Companion                                        : loaded 2 times (x 71B)
Class com.google.common.base.Platform                                                 : loaded 2 times (x 71B)
Class kotlin.sequences.SequencesKt__SequencesJVMKt                                    : loaded 2 times (x 71B)
Class kotlin.collections.AbstractList                                                 : loaded 2 times (x 197B)
Class kotlin.collections.AbstractCollection                                           : loaded 2 times (x 117B)
Class kotlin.jvm.internal.PropertyReference                                           : loaded 2 times (x 115B)
Class com.google.common.collect.CompoundOrdering                                      : loaded 2 times (x 115B)
Class com.google.common.collect.AbstractMapBasedMultimap$WrappedList                  : loaded 2 times (x 205B)
Class [Lorg.objectweb.asm.AnnotationWriter;                                           : loaded 2 times (x 69B)
Class com.google.common.collect.Maps$8                                                : loaded 2 times (x 82B)
Class kotlin.collections.ArrayAsCollection                                            : loaded 2 times (x 105B)
Class kotlin.text.StringsKt__StringBuilderJVMKt                                       : loaded 2 times (x 71B)
Class kotlin.text.Regex                                                               : loaded 2 times (x 72B)
Class kotlin.LazyKt__LazyKt                                                           : loaded 2 times (x 71B)
Class com.google.common.collect.ImmutableRangeSet$Builder                             : loaded 2 times (x 77B)
Class com.google.common.collect.Sets$SetView                                          : loaded 2 times (x 138B)
Class com.google.common.cache.LocalCache$StrongValueReference                         : loaded 2 times (x 90B)
Class ijKotlinCoroutineJvmDebugInit2_9u6frco3jk764hbklyj3txv13                        : loaded 2 times (x 179B)
Class kotlin.jvm.internal.ReflectionFactory                                           : loaded 2 times (x 91B)
Class kotlin.UNINITIALIZED_VALUE                                                      : loaded 2 times (x 71B)
Class org.objectweb.asm.Type                                                          : loaded 2 times (x 72B)
Class org.gradle.internal.classloader.VisitableURLClassLoader$InstrumentingVisitableURLClassLoader: loaded 2 times (x 123B)
Class kotlin.comparisons.ComparisonsKt__ComparisonsKt                                 : loaded 2 times (x 71B)
Class kotlin.ranges.RangesKt__RangesKt                                                : loaded 2 times (x 71B)
Class kotlin.sequences.SequencesKt__SequencesKt                                       : loaded 2 times (x 71B)
Class [Lkotlin.reflect.jvm.internal.impl.resolve.jvm.JvmPrimitiveType;                : loaded 2 times (x 69B)
Class kotlin.collections.SetsKt___SetsKt                                              : loaded 2 times (x 71B)
Class kotlin.jvm.internal.ClassBasedDeclarationContainer                              : loaded 2 times (x 70B)
Class Build_gradle$2$2$1                                                              : loaded 2 times (x 79B)
Class org.objectweb.asm.ByteVector                                                    : loaded 2 times (x 79B)
Class [Lcom.google.common.cache.CacheBuilder$NullListener;                            : loaded 2 times (x 69B)
Class com.google.common.math.IntMath$1                                                : loaded 2 times (x 71B)
Class org.gradle.internal.classloader.VisitableURLClassLoader$Spec                    : loaded 2 times (x 74B)
Class org.gradle.internal.classpath.DefaultClassPath                                  : loaded 2 times (x 90B)
Class kotlin.comparisons.ComparisonsKt                                                : loaded 2 times (x 71B)
Class kotlin.comparisons.ComparisonsKt___ComparisonsKt                                : loaded 2 times (x 71B)
Class kotlin.sequences.FilteringSequence                                              : loaded 2 times (x 75B)
Class [Lorg.jetbrains.kotlin.build.report.metrics.GradleBuildTime;                    : loaded 2 times (x 69B)
Class org.gradle.internal.classloader.ClassLoaderHierarchy                            : loaded 2 times (x 70B)
Class Build_gradle$2$6$1$1                                                            : loaded 2 times (x 79B)
Class com.google.common.collect.ImmutableSortedMap$1EntrySet$1                        : loaded 2 times (x 213B)
Class org.objectweb.asm.Symbol                                                        : loaded 2 times (x 73B)
Class kotlin.reflect.KType                                                            : loaded 2 times (x 70B)
Class com.google.common.io.Closer                                                     : loaded 2 times (x 78B)
Class com.google.common.base.CharMatcher$BitSetMatcher                                : loaded 2 times (x 112B)
Class com.google.common.collect.ImmutableSet                                          : loaded 2 times (x 145B)
Class com.google.common.collect.RegularImmutableMap$Values                            : loaded 2 times (x 207B)
Class org.gradle.internal.classloader.ClassLoaderSpec                                 : loaded 2 times (x 71B)
Class kotlin.jvm.internal.FunctionReferenceImpl                                       : loaded 2 times (x 122B)
Class kotlin.collections.CollectionsKt___CollectionsJvmKt                             : loaded 2 times (x 71B)
Class kotlin.reflect.jvm.internal.ReflectProperties$Val$1                             : loaded 2 times (x 71B)
Class com.google.common.base.CharMatcher$IsEither                                     : loaded 2 times (x 111B)
Class org.objectweb.asm.AnnotationWriter                                              : loaded 2 times (x 79B)
Class com.google.common.cache.CacheStats                                              : loaded 2 times (x 71B)
Class kotlin.Unit                                                                     : loaded 2 times (x 71B)
Class kotlin.sequences.SequencesKt___SequencesJvmKt                                   : loaded 2 times (x 71B)
Class kotlin.TuplesKt                                                                 : loaded 2 times (x 71B)
Class com.google.common.io.Closer$Suppressor                                          : loaded 2 times (x 70B)
Class org.objectweb.asm.RecordComponentWriter                                         : loaded 2 times (x 78B)
Class com.google.common.util.concurrent.AbstractFuture$Listener                       : loaded 2 times (x 72B)
Class com.google.common.base.CharMatcher$Or                                           : loaded 2 times (x 112B)
Class Settings_gradle$1$1                                                             : loaded 2 times (x 75B)
Class kotlin.ranges.RangesKt                                                          : loaded 2 times (x 71B)
Class org.objectweb.asm.Attribute                                                     : loaded 2 times (x 77B)
Class com.google.common.base.Supplier                                                 : loaded 2 times (x 70B)
Class org.gradle.internal.classloader.VisitableURLClassLoader                         : loaded 2 times (x 117B)
Class kotlin.collections.ArraysUtilJVM                                                : loaded 2 times (x 71B)
Class kotlin.reflect.jvm.internal.KClassImpl                                          : loaded 2 times (x 115B)
Class kotlin.jvm.functions.Function0                                                  : loaded 2 times (x 70B)
Class Settings_gradle                                                                 : loaded 2 times (x 128B)
Class org.gradle.internal.Cast                                                        : loaded 2 times (x 71B)
Class org.gradle.api.Action                                                           : loaded 2 times (x 70B)
Class kotlin.jvm.functions.Function1                                                  : loaded 2 times (x 70B)
Class com.google.common.base.Strings                                                  : loaded 2 times (x 71B)
Class com.google.common.collect.Sets                                                  : loaded 2 times (x 71B)
Class org.objectweb.asm.Handler                                                       : loaded 2 times (x 72B)
Class com.google.common.base.Ticker                                                   : loaded 2 times (x 72B)
Class com.google.common.base.CharMatcher$FastMatcher                                  : loaded 2 times (x 111B)
Class kotlin.jvm.functions.Function2                                                  : loaded 2 times (x 70B)
Class com.google.common.collect.ImmutableSortedSet$Builder                            : loaded 2 times (x 86B)
Class [Lcom.google.common.cache.LocalCache$Segment;                                   : loaded 2 times (x 69B)
Class [Lcom.google.common.cache.LocalCache$Strength;                                  : loaded 2 times (x 69B)
Class com.google.common.cache.CacheBuilder$1                                          : loaded 2 times (x 85B)
Class com.google.common.base.Predicate                                                : loaded 2 times (x 70B)
Class com.google.common.collect.ImmutableMap                                          : loaded 2 times (x 120B)
Class org.gradle.internal.classpath.DefaultClassPath$ImmutableUniqueList$Builder      : loaded 2 times (x 75B)
Class kotlin.jvm.functions.Function3                                                  : loaded 2 times (x 70B)
Class kotlin.collections.MapsKt___MapsJvmKt                                           : loaded 2 times (x 71B)
Class kotlin.reflect.jvm.internal.KDeclarationContainerImpl$Data                      : loaded 2 times (x 72B)
Class com.google.common.collect.AbstractRangeSet                                      : loaded 2 times (x 114B)
Class com.google.common.cache.LocalCache                                              : loaded 2 times (x 187B)
Class com.google.common.cache.CacheBuilder$2                                          : loaded 2 times (x 79B)
Class com.google.common.base.CharMatcher$NegatedFastMatcher                           : loaded 2 times (x 113B)
Class kotlin.collections.EmptySet                                                     : loaded 2 times (x 122B)
Class kotlin.reflect.jvm.internal.impl.builtins.PrimitiveType$Companion               : loaded 2 times (x 71B)
Class kotlin.jvm.functions.Function4                                                  : loaded 2 times (x 70B)
Class kotlin.collections.CollectionsKt___CollectionsKt                                : loaded 2 times (x 71B)
Class kotlin.reflect.jvm.internal.KClassImpl$Data                                     : loaded 2 times (x 72B)
Class com.google.common.collect.ArrayListMultimap                                     : loaded 2 times (x 172B)
Class com.google.common.cache.CacheBuilder$3                                          : loaded 2 times (x 72B)
Class [Lcom.google.common.collect.AbstractMapEntry;                                   : loaded 2 times (x 69B)
Class com.google.common.collect.ImmutableEntry                                        : loaded 2 times (x 82B)
Class org.gradle.api.GradleException                                                  : loaded 2 times (x 82B)
Class kotlin.text.StringsKt___StringsJvmKt                                            : loaded 2 times (x 71B)
Class kotlin.jvm.functions.Function5                                                  : loaded 2 times (x 70B)
Class kotlin.reflect.KDeclarationContainer                                            : loaded 2 times (x 70B)
Class com.google.common.base.Suppliers$MemoizingSupplier                              : loaded 2 times (x 79B)
Class com.google.common.collect.ForwardingMap                                         : loaded 2 times (x 132B)
Class com.google.common.collect.CollectPreconditions                                  : loaded 2 times (x 71B)
Class ijJvmDebugger2_8twdw524m1b59lrrjnwhqczdr                                        : loaded 2 times (x 179B)
Class kotlin.io.FilesKt                                                               : loaded 2 times (x 71B)
Class kotlin.jvm.functions.Function6                                                  : loaded 2 times (x 70B)
Class kotlin.collections.MapsKt___MapsKt                                              : loaded 2 times (x 71B)
Class kotlin.collections.ArraysKt___ArraysKt                                          : loaded 2 times (x 71B)
Class kotlin.reflect.jvm.internal.KTypeParameterOwnerImpl                             : loaded 2 times (x 70B)
Class com.google.common.collect.SortedMapDifference                                   : loaded 2 times (x 70B)
Class kotlin.jvm.functions.Function7                                                  : loaded 2 times (x 70B)
Class kotlin.collections.MapsKt__MapWithDefaultKt                                     : loaded 2 times (x 71B)
Class kotlin.reflect.jvm.internal.impl.name.Name                                      : loaded 2 times (x 75B)
Class kotlin.reflect.jvm.internal.KPropertyImpl$Companion                             : loaded 2 times (x 71B)
Class kotlin.jvm.internal.MutablePropertyReference0                                   : loaded 2 times (x 137B)
Class com.google.common.cache.LocalCache$EntryFactory                                 : loaded 2 times (x 83B)
Class kotlin.text.StringsKt___StringsKt                                               : loaded 2 times (x 71B)
Class kotlin.jvm.functions.Function8                                                  : loaded 2 times (x 70B)
Class kotlin.collections.CollectionsKt__MutableCollectionsJVMKt                       : loaded 2 times (x 71B)
Class kotlin.reflect.jvm.internal.impl.name.FqNameUnsafe                              : loaded 2 times (x 72B)
Class kotlin.enums.EnumEntriesKt                                                      : loaded 2 times (x 71B)
Class kotlin.collections.CollectionsKt__ReversedViewsKt                               : loaded 2 times (x 71B)
Class com.google.common.collect.NullsLastOrdering                                     : loaded 2 times (x 115B)
Class com.google.common.cache.LocalCache$AbstractReferenceEntry                       : loaded 2 times (x 107B)
Class org.gradle.internal.IoActions                                                   : loaded 2 times (x 71B)
Class kotlin.jvm.functions.Function10                                                 : loaded 2 times (x 70B)
Class kotlin.jvm.functions.Function9                                                  : loaded 2 times (x 70B)
Class [Lkotlin.LazyThreadSafetyMode;                                                  : loaded 2 times (x 69B)
Class [Lkotlin.reflect.KClassifier;                                                   : loaded 2 times (x 69B)
Class kotlin.reflect.jvm.internal.EmptyContainerForLocal                              : loaded 2 times (x 84B)
Class kotlin.reflect.jvm.internal.impl.builtins.CompanionObjectMapping                : loaded 2 times (x 71B)
Class com.google.common.collect.ImmutableRangeSet$ComplementRanges                    : loaded 2 times (x 207B)
Class org.objectweb.asm.SymbolTable                                                   : loaded 2 times (x 72B)
Class com.google.common.cache.CacheLoader$InvalidCacheLoadException                   : loaded 2 times (x 82B)
Class com.google.common.collect.ImmutableSet$RegularSetBuilderImpl                    : loaded 2 times (x 77B)
Class ijKotlinCoroutineJvmDebugInit2_9u6frco3jk764hbklyj3txv13$_run_closure1          : loaded 2 times (x 139B)
Class org.gradle.internal.classloader.SystemClassLoaderSpec                           : loaded 2 times (x 71B)
Class kotlin.jvm.functions.Function11                                                 : loaded 2 times (x 70B)
Class kotlin.reflect.KAnnotatedElement                                                : loaded 2 times (x 70B)
Class kotlin.jvm.internal.Intrinsics                                                  : loaded 2 times (x 71B)
Class kotlin.sequences.SequencesKt__SequenceBuilderKt                                 : loaded 2 times (x 71B)
Class com.google.common.cache.LocalCache$StrongEntry                                  : loaded 2 times (x 108B)
Class com.google.common.util.concurrent.AbstractFuture$TrustedFuture                  : loaded 2 times (x 114B)
Class com.google.common.cache.LoadingCache                                            : loaded 2 times (x 70B)
Class kotlin.jvm.functions.Function12                                                 : loaded 2 times (x 70B)
Class kotlin.collections.MapsKt                                                       : loaded 2 times (x 71B)
Class kotlin.collections.CollectionsKt__IterablesKt                                   : loaded 2 times (x 71B)
Class kotlin.sequences.FilteringSequence$iterator$1                                   : loaded 2 times (x 79B)
Class com.google.common.base.Suppliers$NonSerializableMemoizingSupplier               : loaded 2 times (x 79B)
Class org.objectweb.asm.MethodWriter                                                  : loaded 2 times (x 106B)
Class [Lcom.google.common.cache.Weigher;                                              : loaded 2 times (x 69B)
Class com.google.common.collect.RegularImmutableMap$BucketOverflowException           : loaded 2 times (x 82B)
Class kotlin.jvm.functions.Function13                                                 : loaded 2 times (x 70B)
Class kotlin.KotlinNullPointerException                                               : loaded 2 times (x 83B)
Class kotlin.io.FilesKt__FileTreeWalkKt                                               : loaded 2 times (x 71B)
Class com.google.common.collect.AbstractMapBasedMultimap$RandomAccessWrappedList      : loaded 2 times (x 205B)
Class kotlin.ranges.RangesKt___RangesKt                                               : loaded 2 times (x 71B)
Class kotlin.jvm.functions.Function14                                                 : loaded 2 times (x 70B)
Class com.google.common.collect.RegularImmutableBiMap                                 : loaded 2 times (x 149B)
Class com.google.common.cache.LocalCache$ValueReference                               : loaded 2 times (x 70B)
Class com.google.common.base.CharMatcher$Is                                           : loaded 2 times (x 111B)
Class com.google.common.base.CharMatcher$Negated                                      : loaded 2 times (x 113B)
Class org.jetbrains.kotlin.com.intellij.openapi.diagnostic.Attachment                 : loaded 2 times (x 72B)
Class kotlin.jvm.functions.Function15                                                 : loaded 2 times (x 70B)
Class kotlin.collections.ArraysKt                                                     : loaded 2 times (x 71B)
Class org.gradle.internal.classloader.FilteringClassLoader                            : loaded 2 times (x 105B)
Class com.google.common.base.PatternCompiler                                          : loaded 2 times (x 70B)
Class com.google.common.util.concurrent.AbstractFuture$Failure                        : loaded 2 times (x 72B)
Class com.google.common.base.Equivalence$Equals                                       : loaded 2 times (x 82B)
Class com.google.common.collect.Hashing                                               : loaded 2 times (x 71B)
Class com.google.common.base.Preconditions                                            : loaded 2 times (x 71B)
Class kotlin.collections.SetsKt__SetsKt                                               : loaded 2 times (x 71B)
Class kotlin.jvm.functions.Function16                                                 : loaded 2 times (x 70B)
Class kotlin.LazyKt                                                                   : loaded 2 times (x 71B)
Class com.google.common.collect.ByFunctionOrdering                                    : loaded 2 times (x 115B)
Class com.google.common.base.Joiner$1                                                 : loaded 2 times (x 80B)
Class org.objectweb.asm.Label                                                         : loaded 2 times (x 73B)
Class org.objectweb.asm.CurrentFrame                                                  : loaded 2 times (x 73B)
Class org.objectweb.asm.ClassTooLargeException                                        : loaded 2 times (x 83B)
Class com.google.common.base.CharMatcher                                              : loaded 2 times (x 111B)
Class com.google.common.collect.PeekingIterator                                       : loaded 2 times (x 70B)
Class kotlin.jvm.functions.Function17                                                 : loaded 2 times (x 70B)
Class kotlin.collections.ArraysKt__ArraysJVMKt                                        : loaded 2 times (x 71B)
Class [Lorg.objectweb.asm.Symbol;                                                     : loaded 2 times (x 69B)
Class com.google.common.collect.RangeGwtSerializationDependencies                     : loaded 2 times (x 71B)
Class com.google.common.base.Joiner$2                                                 : loaded 2 times (x 79B)
Class org.objectweb.asm.Frame                                                         : loaded 2 times (x 73B)
Class org.objectweb.asm.MethodVisitor                                                 : loaded 2 times (x 105B)
Class com.google.common.cache.LocalCache$EntryFactory$1                               : loaded 2 times (x 83B)
Class [Lcom.google.common.cache.RemovalListener;                                      : loaded 2 times (x 69B)
Class com.google.common.base.CharMatcher$1                                            : loaded 2 times (x 113B)
Class com.google.common.base.CharMatcher$NamedFastMatcher                             : loaded 2 times (x 112B)
Class kotlin.text.StringsKt__StringBuilderKt                                          : loaded 2 times (x 71B)
Class kotlin.jvm.functions.Function18                                                 : loaded 2 times (x 70B)
Class kotlin.jvm.internal.CallableReference$NoReceiver                                : loaded 2 times (x 71B)
Class com.google.common.collect.RegularImmutableMap$KeySet                            : loaded 2 times (x 152B)
Class Build_gradle$2$6$3$1                                                            : loaded 2 times (x 78B)
Class com.google.common.collect.RangeSet                                              : loaded 2 times (x 70B)
Class com.google.common.cache.LocalCache$EntryFactory$2                               : loaded 2 times (x 83B)
Class org.gradle.api.internal.classpath.GlobalCacheRootsProvider                      : loaded 2 times (x 70B)
Class kotlin.jvm.functions.Function19                                                 : loaded 2 times (x 70B)
Class kotlin.Lazy                                                                     : loaded 2 times (x 70B)
Class kotlin.NoWhenBranchMatchedException                                             : loaded 2 times (x 82B)
Class com.google.common.base.PairwiseEquivalence                                      : loaded 2 times (x 83B)
Class com.google.common.collect.CollectCollectors                                     : loaded 2 times (x 71B)
Class org.objectweb.asm.ModuleWriter                                                  : loaded 2 times (x 82B)
Class com.google.common.cache.LocalCache$EntryFactory$3                               : loaded 2 times (x 83B)
Class com.google.common.base.Ticker$1                                                 : loaded 2 times (x 72B)
Class com.google.common.collect.Maps$BiMapConverter                                   : loaded 2 times (x 90B)
Class com.google.common.collect.ImmutableMapEntrySet$RegularEntrySet                  : loaded 2 times (x 152B)
Class [Lkotlin.jvm.functions.Function1;                                               : loaded 2 times (x 69B)
Class com.google.common.base.Equivalence$Identity                                     : loaded 2 times (x 82B)
Class com.google.common.cache.LocalCache$EntryFactory$4                               : loaded 2 times (x 83B)
Class com.google.common.base.CharMatcher$InRange                                      : loaded 2 times (x 111B)
Class com.google.common.collect.ImmutableSet$Builder                                  : loaded 2 times (x 85B)
Class Settings_gradle$1$1$1                                                           : loaded 2 times (x 74B)
Class kotlin.sequences.ConstrainedOnceSequence                                        : loaded 2 times (x 75B)
Class kotlin.NotImplementedError                                                      : loaded 2 times (x 82B)
Class com.google.common.collect.ReverseOrdering                                       : loaded 2 times (x 115B)
Class com.google.common.cache.LocalCache$EntryFactory$5                               : loaded 2 times (x 83B)
Class kotlin.jvm.internal.markers.KMappedMarker                                       : loaded 2 times (x 70B)
Class [Lkotlin.reflect.KProperty;                                                     : loaded 2 times (x 69B)
Class com.google.common.collect.ImmutableAsList                                       : loaded 2 times (x 209B)
Class kotlin.text.StringsKt__StringsKt                                                : loaded 2 times (x 71B)
Class com.google.common.cache.LocalCache$EntryFactory$6                               : loaded 2 times (x 83B)
Class org.gradle.internal.installation.CurrentGradleInstallationLocator               : loaded 2 times (x 71B)
Class com.google.common.collect.Maps$KeySet                                           : loaded 2 times (x 137B)
Class com.google.common.cache.LocalCache$EntryFactory$7                               : loaded 2 times (x 83B)
Class com.google.common.collect.ImmutableSet$EmptySetBuilderImpl                      : loaded 2 times (x 76B)
Class com.google.common.collect.ImmutableList                                         : loaded 2 times (x 206B)
Class org.gradle.internal.service.DefaultServiceLocator                               : loaded 2 times (x 83B)
Class kotlin.reflect.KMutableProperty0                                                : loaded 2 times (x 70B)
Class kotlin.reflect.KClassifier                                                      : loaded 2 times (x 70B)
Class com.google.common.cache.LocalCache$EntryFactory$8                               : loaded 2 times (x 83B)
Class com.google.common.collect.ImmutableSet$SetBuilderImpl                           : loaded 2 times (x 76B)
Class org.gradle.internal.installation.CurrentGradleInstallation                      : loaded 2 times (x 73B)
Class kotlin.reflect.KMutableProperty1                                                : loaded 2 times (x 70B)
Class com.google.common.cache.CacheLoader$1                                           : loaded 2 times (x 75B)
Class com.google.common.collect.ForwardingObject                                      : loaded 2 times (x 72B)
Class com.google.common.collect.ImmutableList$SubList                                 : loaded 2 times (x 209B)
Class org.gradle.util.internal.GUtil                                                  : loaded 2 times (x 71B)
Class kotlin.io.NoSuchFileException                                                   : loaded 2 times (x 82B)
Class kotlin.collections.CollectionsKt                                                : loaded 2 times (x 71B)
Class kotlin.reflect.KMutableProperty2                                                : loaded 2 times (x 70B)
Class com.google.common.cache.AbstractCache$StatsCounter                              : loaded 2 times (x 70B)
Class kotlin.reflect.jvm.internal.RuntimeTypeMapper                                   : loaded 2 times (x 71B)
Class com.google.common.collect.Iterators$MergingIterator                             : loaded 2 times (x 81B)
Class com.google.common.collect.RegularImmutableSet                                   : loaded 2 times (x 149B)
Class org.gradle.internal.installation.GradleInstallation                             : loaded 2 times (x 75B)
Class com.google.common.collect.LexicographicalOrdering                               : loaded 2 times (x 115B)
Class com.google.common.collect.Iterables                                             : loaded 2 times (x 71B)
Class org.jetbrains.kotlin.com.intellij.openapi.diagnostic.DefaultLogger              : loaded 2 times (x 100B)
Class kotlin.jvm.KotlinReflectionNotSupportedError                                    : loaded 2 times (x 82B)

---------------  S Y S T E M  ---------------

OS:
 Windows 11 , 64 bit Build 26100 (10.0.26100.8521)
OS uptime: 26 days 1:31 hours
Hyper-V role detected

CPU: total 20 (initial active 20) (10 cores per cpu, 2 threads per core) family 6 model 151 stepping 2 microcode 0x34, cx8, cmov, fxsr, ht, mmx, 3dnowpref, sse, sse2, sse3, ssse3, sse4.1, sse4.2, popcnt, lzcnt, tsc, tscinvbit, avx, avx2, aes, erms, clmul, bmi1, bmi2, adx, sha, fma, vzeroupper, clflush, clflushopt, clwb, hv, serialize, rdtscp, rdpid, fsrm, f16c, cet_ibt, cet_ss
Processor Information for the first 20 processors :
  Max Mhz: 2100, Current Mhz: 2100, Mhz Limit: 2100

Memory: 4k page, system-wide physical 32509M (4727M free)
TotalPageFile size 47373M (AvailPageFile size 1434M)
current process WorkingSet (physical memory assigned to process): 1241M, peak: 1281M
current process commit charge ("private bytes"): 1298M, peak: 1335M

vm_info: OpenJDK 64-Bit Server VM (21.0.10+-14961533-b1163.108) for windows-amd64 JRE (21.0.10+-14961533-b1163.108), built on 2026-03-02T19:58:50Z by "builder" with MS VC++ 16.10 / 16.11 (VS2019)

END.
